campaign,impressions,clicks,conversions,ad_spend,revenue,retention_rate,customer_ltv,ctr,conversion_rate,cac,roas
Campaign_C,9434,616,235,3589.9121062832437,25726.332205777082,0.7890844513390627,1407.1119864778857,0.06529573881704473,0.3814935064935065,15.276221728864867,7.166284701162898
Campaign_A,3590,527,140,9442.08825829759,6746.7272422218075,0.7914778697450222,1634.2807980821904,0.1467966573816156,0.2656546489563567,67.4434875592685,0.7145376168553463
Campaign_C,2063,1662,85,9189.945592086784,9284.027143546096,0.8940954013422159,3827.592785840528,0.8056228793019874,0.05114320096269555,108.11700696572687,1.010237443792956
Campaign_C,5324,259,295,609.0662676190896,18238.445314107274,0.7204773806050205,4021.133437213815,0.04864763335837716,1.138996138996139,2.0646314156579306,29.944927643757822
Campaign_A,6342,248,286,4776.107001510705,38322.11793446947,0.4682590522425776,1956.2753088001061,0.039104383475244406,1.153225806451613,16.69967483045701,8.023714276574625
Campaign_A,1005,875,165,9782.490213989946,25847.03877895307,0.4667781980277347,2118.525783257168,0.8706467661691543,0.18857142857142858,59.287819478726945,2.6421737424269742
Campaign_C,8489,1353,257,1479.6529428767199,32257.191853095115,0.796622796546253,270.3197444170481,0.15938273059253152,0.18994826311899482,5.757404446991128,21.800512078448037
Campaign_B,9659,1835,227,5703.954596641534,49273.553199443064,0.5010815658093456,1481.2267561728668,0.18997825861890466,0.12370572207084468,25.127553289169754,8.638489729293276
Campaign_C,9195,1685,199,9800.09631689049,38632.26633034727,0.5806120247891329,2283.861627029318,0.18325176726481784,0.11810089020771514,49.246715160253714,3.9420292496273195
Campaign_C,6966,166,172,5777.206529005672,22283.71340891967,0.6679666038070526,629.066079607025,0.023830031581969568,1.036144578313253,33.588410052358554,3.8571779106458517
Campaign_C,9837,1113,189,2303.245378235482,22875.654168030887,0.4136206826668832,2293.6739307373555,0.11314425129612687,0.16981132075471697,12.186483482727418,9.9319223145716
Campaign_C,1117,1935,43,6030.740685879603,31319.831775009246,0.5368504648609626,4273.220270676112,1.7323187108325873,0.022222222222222223,140.24978339254892,5.1933640337648095
Campaign_A,3551,480,50,2442.185452520695,33602.89521252632,0.624339284679004,2927.539047639014,0.13517319065052097,0.10416666666666667,48.8437090504139,13.759354424883329
Campaign_C,6560,157,84,5437.1904974976005,25534.835365996896,0.5537999751712634,440.702782440141,0.023932926829268293,0.535031847133758,64.72845830354287,4.696328991553448
Campaign_B,5289,1382,288,1203.401070167306,32598.199917934016,0.4750036801071612,998.7730282098579,0.2612970315749669,0.20839363241678727,4.178475938080924,27.088391996694806
Campaign_A,1846,441,185,6252.085357536844,2153.09222629084,0.8004067417879086,2398.9945332848533,0.23889490790899243,0.41950113378684806,33.79505598668564,0.34437985138755384
Campaign_B,7316,1961,159,5409.504421717503,22051.52033094536,0.8472312103423917,1839.3613916179697,0.268042646254784,0.08108108108108109,34.02204038816039,4.07644002330699
Campaign_B,7469,1253,282,7531.5330032339,14667.965727600362,0.5416134368790486,1825.6987467531887,0.16776007497656983,0.22505985634477255,26.707563841254963,1.947540523463445
Campaign_B,9915,826,117,6491.654476008458,7329.547816912409,0.8259307220334668,2669.8738683107713,0.08330811901159858,0.14164648910411623,55.484226290670584,1.1290723873244635
Campaign_B,1224,1295,148,5721.259551042188,5877.779127629981,0.6120544604207225,2942.7598118678143,1.0580065359477124,0.11428571428571428,38.65715912866343,1.0273575381769355
Campaign_A,5208,869,280,7052.899067857151,30556.416115118707,0.6786771849697015,3994.4647728671457,0.16685867895545314,0.3222094361334868,25.18892524234697,4.3324618459913
Campaign_A,7283,713,298,1867.448178936193,26656.426810477973,0.870800591191234,1737.784489139299,0.09789921735548537,0.4179523141654979,6.266604627302661,14.2742524859046
Campaign_B,3048,1332,221,6155.916781956738,13425.62173282209,0.8124745249913243,4037.0581010509045,0.43700787401574803,0.16591591591591592,27.854827067677547,2.1809296987531046
Campaign_B,7233,1926,281,2135.0507268163883,24076.55287985321,0.8428142682238977,1726.125584107531,0.26627955205309,0.14589823468328142,7.598045291161524,11.276806015637007
Campaign_A,2828,453,75,9292.460974592868,25119.383443938004,0.47526484162249627,324.39329525910745,0.1601838755304102,0.16556291390728478,123.89947966123825,2.7032003161077105
Campaign_A,2917,1594,257,1149.17399603324,10555.440041492175,0.43834568420855125,2793.2288724737164,0.5464518340761055,0.16122961104140526,4.471494147989261,9.185240945172637
Campaign_A,5234,1921,165,4588.560122062536,32952.56003220088,0.8913726009983929,2960.116508229332,0.36702330913259457,0.08589276418532014,27.80945528522749,7.18145979470982
Campaign_C,7988,215,56,7110.076037726726,39265.04846291843,0.6133088482641019,4675.974215828208,0.026915373059589385,0.26046511627906976,126.9656435308344,5.522451272612898
Campaign_C,3026,1387,210,4851.211010848458,39781.71350358643,0.5583338229383245,3644.0035640092483,0.4583608724388632,0.1514059120403749,23.101004813564085,8.200367581336925
Campaign_C,4744,761,157,1374.9049057125724,30521.021704469298,0.7985829398440034,4592.974629847476,0.1604131534569983,0.20630749014454666,8.757356087341226,22.19864194073201
Campaign_B,1009,1935,133,5757.10065320372,26070.29054343169,0.8600285781189212,4546.318690702898,1.9177403369672943,0.06873385012919897,43.2864710767197,4.528371503965986
Campaign_C,1260,1565,10,6595.503133859868,3989.3500072643496,0.8743692920440655,3042.641845778299,1.242063492063492,0.006389776357827476,659.5503133859868,0.6048590875173572
Campaign_B,7038,1671,256,7186.026954409823,15103.733643728687,0.573798427618875,2662.4222234154154,0.23742540494458653,0.15320167564332735,28.07041779066337,2.1018197871439983
Campaign_B,3219,552,137,4045.9682373962096,5570.300892130325,0.8687168151609207,2809.3327874598194,0.17148182665424044,0.24818840579710144,29.532614871505178,1.3767534902140268
Campaign_C,8041,1968,200,5854.769724773241,48227.33488304521,0.42251366940588997,4892.737498002377,0.24474567839820918,0.1016260162601626,29.273848623866208,8.237272710996859
Campaign_B,3060,1600,76,4781.521511919675,7618.927165062274,0.4273138203028454,3877.1800741474462,0.5228758169934641,0.0475,62.91475673578519,1.5934106217172375
Campaign_C,6287,386,13,6884.532368146407,8436.995082704001,0.742935557345785,576.0162287223594,0.06139653252743757,0.03367875647668394,529.579412934339,1.2255000966718643
Campaign_C,2619,1426,152,6043.791189585776,44589.254298194115,0.43470850301355046,3903.2206135679294,0.5444826269568538,0.10659186535764376,39.761784142011685,7.3776960354002785
Campaign_A,9512,1116,200,5494.684085811781,47252.485890346434,0.5785350426805889,894.1633420462181,0.11732548359966358,0.17921146953405018,27.473420429058905,8.599672911562008
Campaign_C,2342,410,30,2870.481484963362,38525.622922510585,0.7700157924358082,2264.385217577847,0.17506404782237403,0.07317073170731707,95.6827161654454,13.42131037051518
Campaign_A,3832,307,236,519.1759186082222,1264.8412599608237,0.5854967928298245,1091.7753772738447,0.08011482254697286,0.7687296416938111,2.1998979602043316,2.4362479356737876
Campaign_C,3824,717,126,2153.7759154585783,1065.9672768716214,0.49877987979205274,3463.4361743894874,0.1875,0.17573221757322174,17.093459646496655,0.4949295185356632
Campaign_C,2994,545,151,1612.1273935296022,19526.937719585087,0.5547428420196129,4392.6831941555265,0.1820307281229125,0.27706422018348625,10.676340354500677,12.11252770591081
Campaign_A,4490,769,48,4766.3050776039945,8026.373130533734,0.6516664327377375,1487.2913325650707,0.17126948775055678,0.06241872561768531,99.29802245008322,1.6839822461739198
Campaign_A,8984,732,261,6316.452432237524,1900.920965428267,0.6614622204455153,455.9531689805288,0.08147818343722173,0.35655737704918034,24.200967173323846,0.3009475628639999
Campaign_C,2604,154,216,2524.3075825056776,23739.26778082073,0.830650127240961,1527.5408354710682,0.05913978494623656,1.4025974025974026,11.686609178267027,9.40426909356928
Campaign_B,1235,1011,219,9421.042411688277,47210.032972941604,0.8125842761873319,3378.1911967643623,0.8186234817813766,0.2166172106824926,43.01845850085971,5.011126254390934
Campaign_A,2908,1135,124,563.4802276269339,16867.159170219136,0.6512497925058743,1677.3626313945272,0.390302613480055,0.1092511013215859,4.544195384088177,29.933897132920265
Campaign_B,9567,756,234,7836.859644070757,33395.893243006125,0.8651170420043242,1426.6552293913269,0.07902163687676388,0.30952380952380953,33.49085317978956,4.2613871831011965
Campaign_B,4530,1523,143,6439.445310539201,32959.5323034896,0.4628304262252677,962.9541933921115,0.3362030905077263,0.09389363099146422,45.031086087686724,5.118380654548918
Campaign_B,6256,1771,260,4048.7706099529782,13302.92507959322,0.5404443426258958,2512.706313028446,0.28308823529411764,0.14680971202710333,15.572194653665301,3.2856702345376188
Campaign_A,3635,1079,228,979.6449719178752,32870.83719236935,0.8553870549262383,1415.9466993780784,0.2968363136176066,0.211306765523633,4.296688473324014,33.55382626832382
Campaign_B,9162,614,100,6461.122431950654,11404.364740057672,0.6078967212443842,3668.5012282404414,0.06701593538528705,0.16286644951140064,64.61122431950653,1.7650748550534157
Campaign_A,3560,1779,55,4163.3283722236565,6978.363265267563,0.9396498573366131,429.28088986140347,0.4997191011235955,0.030916245081506463,75.69687949497558,1.6761500994792735
Campaign_B,6415,1665,47,9394.537824425583,35367.780992424814,0.6564393048403094,3336.963513901022,0.25954793452844893,0.02822822822822823,199.88378349841665,3.764717504300147
Campaign_C,4391,336,151,5648.905711452776,6558.60003809192,0.8355645926300702,1225.922072110461,0.07652015486221818,0.4494047619047619,37.409971599025006,1.1610390353648141
Campaign_C,6951,1402,109,9426.689357288327,49848.55171087841,0.6212688727603046,2471.9323422054354,0.2016975974679902,0.07774607703281027,86.48338859897548,5.288023167151208
Campaign_A,6468,447,199,2594.595087996389,9989.167656361236,0.6337244354843368,1466.14511405474,0.06910946196660482,0.4451901565995526,13.038166271338637,3.8499909687546356
Campaign_C,9007,726,44,7394.396148458981,30112.951275066418,0.610585731006301,3627.7049462534383,0.08060397468635505,0.06060606060606061,168.0544579195223,4.072401676956686
Campaign_C,7413,1227,156,6363.865698062894,21157.35399921688,0.7954915912809464,4729.269849245602,0.16552003237555646,0.1271393643031785,40.79401088501855,3.3246072439361813
Campaign_B,7941,729,39,7524.378183397463,7192.934697877688,0.701134836232997,4589.530058375575,0.09180204004533433,0.053497942386831275,192.93277393326827,0.9559507141399266
Campaign_A,5820,1640,93,2539.3447077390992,2364.3514712932565,0.919077961252603,2937.959764963251,0.281786941580756,0.056707317073170734,27.30478180364623,0.9310872462834525
Campaign_B,3898,1995,290,6817.44790425885,31513.88183234883,0.5379896740937576,2339.921001122043,0.5118009235505387,0.14536340852130325,23.50844104916845,4.622533574867826
Campaign_B,8546,1371,279,5231.383734040255,40531.12062566718,0.4553095026458944,4100.5875217249395,0.16042593025977064,0.20350109409190373,18.750479333477617,7.7476864031086
Campaign_B,1077,463,163,7556.837261610004,42258.76741383046,0.6162938168045684,3432.465495007263,0.4298978644382544,0.35205183585313177,46.3609647951534,5.592123523489391
Campaign_B,8577,420,111,3606.924119442269,24652.960180769787,0.7391919892057268,958.6423653738177,0.04896817068905212,0.2642857142857143,32.49481188686729,6.834898479811054
Campaign_B,5227,1756,224,8955.5417419199,39095.317891936895,0.8734394153035222,4113.550107384352,0.33594796250239145,0.1275626423690205,39.98009706214241,4.365488880358408
Campaign_B,1600,385,159,1300.8624888078284,33969.50954093869,0.5904082876741802,2172.9777275038155,0.240625,0.412987012987013,8.181525086841688,26.113067163670735
Campaign_B,2065,248,92,8168.298528516287,36488.47184745753,0.7595827131184538,985.4790168573168,0.12009685230024213,0.3709677419354839,88.7858535708292,4.4670835327666945
Campaign_A,3136,1207,119,8682.536445243362,25137.351255868893,0.5926092745627705,1444.8968844626377,0.3848852040816326,0.09859154929577464,72.96249113649884,2.8951621930294493
Campaign_C,7943,505,284,8263.896957984802,32037.175271864227,0.7394707706469519,1374.2587997292947,0.06357799320156113,0.5623762376237624,29.098228725298597,3.8767636424736684
Campaign_B,8804,1077,210,5370.900745486872,40470.76976522679,0.886644370866858,2620.0745242871276,0.12233075874602453,0.19498607242339833,25.575717835651773,7.535192267187971
Campaign_B,7565,555,293,4664.657310292232,20496.324602294128,0.527246703242675,1210.1319488554839,0.07336417713152676,0.527927927927928,15.920332117038335,4.393961493606499
Campaign_B,6984,1866,182,9964.49172198633,40492.9661425116,0.6223329031588716,661.654112637802,0.26718213058419243,0.09753483386923902,54.7499545164084,4.063726206241426
Campaign_B,6142,899,215,2677.1335365345403,30008.82529666408,0.9462958580363605,662.2697105381156,0.14636926082709215,0.23915461624026696,12.451783890858326,11.20931208217185
Campaign_B,5670,1284,72,5695.3216758224235,9129.150194168526,0.8777063655372034,2937.2171758385284,0.22645502645502646,0.056074766355140186,79.10168994197811,1.60292090838754
Campaign_B,3190,1112,82,6871.417491132092,2209.523704004646,0.710551921842911,3687.0584798044238,0.34858934169279,0.0737410071942446,83.79777428209869,0.3215528247055497
Campaign_C,3712,883,260,7158.242540683604,18774.92641955845,0.6841451755198514,1641.588393749787,0.23787715517241378,0.2944507361268403,27.53170207955232,2.6228402171136085
Campaign_C,3192,559,133,2438.2343245164975,27788.120086520652,0.5565302102675745,221.52101357938454,0.17512531328320802,0.23792486583184258,18.33258890613908,11.396820972910815
Campaign_B,2248,1673,130,6712.943877228112,42151.19725797093,0.6844651852314412,679.7631903382031,0.7442170818505338,0.07770472205618649,51.63802982483163,6.27909275406841
Campaign_C,5033,1623,284,8274.510881572704,7246.798326872064,0.866499824053971,4577.738073668433,0.32247168686667993,0.17498459642637093,29.135601695678535,0.8757977880010587
Campaign_A,2997,837,129,975.1764798005661,40210.11103649538,0.7768459823027793,2493.0411149677925,0.27927927927927926,0.15412186379928317,7.559507595353225,41.233676026229396
Campaign_B,4687,608,173,9159.452286590507,43287.44325729412,0.5595242154978927,2295.185407595115,0.1297205035203755,0.2845394736842105,52.94481090514744,4.725985998165763
Campaign_A,5018,1777,295,780.2885238794563,8383.686863040855,0.5108051565794431,238.34343263495003,0.354125149461937,0.16601012943162632,2.6450458436591737,10.74434213303388
Campaign_A,2970,1927,274,3881.7248086397462,42728.12164590673,0.545864695348256,3656.7532604686503,0.6488215488215489,0.14218993253762324,14.166878863648709,11.007509226518232
Campaign_B,9389,580,170,650.2253642131396,49581.22482429681,0.4933675607660546,2663.9370006137906,0.061774416870806266,0.29310344827586204,3.8248550836067037,76.25236964463356
Campaign_C,6765,1786,98,1232.8791011260278,36615.10272136364,0.45260238281304377,1050.3006336282779,0.26400591278640057,0.054871220604703244,12.580398991081916,29.69885910785729
Campaign_A,2202,213,151,9156.098709210752,39453.71440942441,0.6305248959431302,594.8651128962331,0.09673024523160763,0.7089201877934272,60.63641529278643,4.309009291231777
Campaign_B,9135,848,212,3871.1778920884044,49726.348110384795,0.4623147824190472,1947.7699249783925,0.09282977558839628,0.25,18.2602730758887,12.845275907369544
Campaign_A,6567,1701,236,4535.329539038003,30668.581275771325,0.4945519067499074,4193.951722765377,0.25902238465052535,0.1387419165196943,19.217498046771198,6.762150580633771
Campaign_A,8667,460,231,2545.77162313425,16086.43271879622,0.7010285763867173,4333.208068045071,0.05307488173531787,0.5021739130434782,11.020656377204546,6.31888287724382
Campaign_A,6742,440,50,6172.4098167738375,42039.01086972673,0.49052960053476613,3034.0895829584,0.06526253337288639,0.11363636363636363,123.44819633547675,6.810793858094707
Campaign_A,6788,869,205,6150.630539439001,31109.80309806993,0.4351338720869966,3651.305314789206,0.1280200353565115,0.23590333716915995,30.003075802141467,5.057985989987208
Campaign_C,6408,860,77,4035.903722339583,29478.575762326873,0.5745638675153368,620.0211476442083,0.13420724094881398,0.08953488372093023,52.41433405635822,7.304082998599967
Campaign_A,9669,1068,273,3663.8312821512845,13428.142220187876,0.5211755042420821,2961.2240240658816,0.11045609680421967,0.2556179775280899,13.420627407147563,3.6650547435424756
Campaign_A,1922,548,11,8907.160927715584,38060.37920956145,0.6834178533969072,3351.4802322615496,0.2851196670135276,0.020072992700729927,809.7419025195985,4.273009045018206
Campaign_A,1419,1966,134,4141.200276600914,5001.696517144716,0.45630189652076514,1043.5285724232715,1.3854827343199436,0.0681586978636826,30.904479676126222,1.207789090859932
Campaign_C,3204,934,119,5188.259425466878,46290.0664689384,0.813473933225638,4406.765927905782,0.2915106117353308,0.12740899357601712,43.59881870140234,8.922080156925244
Campaign_A,2120,1303,95,3191.395243036841,16965.349577753754,0.8984284356893262,1015.2338507290478,0.6146226415094339,0.07290867229470453,33.593634137229905,5.315966304947553
Campaign_A,1950,1825,129,7974.31028189271,7260.957986709532,0.808889345675907,1601.7129312399295,0.9358974358974359,0.07068493150684932,61.816358774362094,0.9105436997099311
Campaign_C,3336,1530,136,4275.75749054137,22675.96012201852,0.6930548705707669,3121.75639276612,0.45863309352517984,0.08888888888888889,31.439393312804192,5.303378447487074
Campaign_C,6373,1789,264,5379.304942171083,3081.0255535701244,0.8733673019838868,3209.8328223971175,0.28071551859406874,0.1475684740078256,20.376155083981374,0.5727553255842427
Campaign_C,3243,1319,192,2906.8931155667833,34546.68351898335,0.7822051088798291,3511.9544678874677,0.40672217082947887,0.14556482183472327,15.140068310243663,11.884401023890922
Campaign_A,3645,1589,25,9882.766127241892,45232.570011822456,0.40580311734760444,604.4579796876181,0.43593964334705076,0.015733165512901194,395.3106450896757,4.5769139357794435
Campaign_C,5612,410,71,3269.2095387753675,42025.88734978693,0.6167495840259767,4254.848928146349,0.07305773342836779,0.17317073170731706,46.04520477148405,12.855060788036747
Campaign_C,2865,361,167,7822.05404360274,7241.104198946173,0.86802354467374,2687.593304802136,0.12600349040139616,0.4626038781163435,46.83864696768108,0.9257292468936984
Campaign_A,7028,1542,277,4561.208678389212,7187.285718278861,0.5902223718863981,2383.042880820088,0.21940808195788275,0.17963683527885863,16.466457322704734,1.575741481053449
Campaign_C,8326,505,44,2459.065348299329,40858.28963388894,0.41936834543903795,4906.433241341872,0.06065337496997358,0.08712871287128712,55.88784882498475,16.61537366713179
Campaign_A,7371,242,276,8097.328257666181,46288.45945555268,0.8103988012037497,3714.872569858048,0.0328313661646995,1.140495867768595,29.338145861109354,5.716510184915484
Campaign_B,7359,441,73,3669.2644957759103,23572.821661840968,0.8411210486555777,634.1298317659056,0.059926620464737054,0.1655328798185941,50.26389720240973,6.4243996825462455
Campaign_C,8863,1439,59,8719.336800279205,25449.58472877453,0.4883265322738197,3794.8688777698917,0.16236037459099628,0.04100069492703266,147.78536949625772,2.918752344554416
Campaign_B,4228,1224,264,9194.943256719318,16594.84002790057,0.6955372732637497,521.482223165704,0.28949858088930935,0.21568627450980393,34.8293305178762,1.8047789491004944
Campaign_A,4719,343,158,8668.326436217121,44818.990794564284,0.5055754914476491,185.97928443927503,0.07268489086670905,0.4606413994169096,54.862825545677985,5.1704318156854505
Campaign_C,3371,589,285,832.5751906646537,32600.242359325443,0.7955789304742806,2047.9481815859908,0.17472560071195492,0.4838709677419355,2.9213164584724693,39.15591375392812
Campaign_A,3891,111,181,7980.046777548503,15124.327281201056,0.5493527503476171,4968.211955455133,0.028527370855821126,1.6306306306306306,44.08865622954974,1.89526799814666
Campaign_B,4756,1362,210,4407.724931741866,15640.360681658329,0.5739183174098316,915.6754841645701,0.28637510513036163,0.15418502202643172,20.989166341627936,3.548397625501892
Campaign_A,5225,660,44,8800.36774173114,44668.80358011652,0.8647339695020557,3379.5895004576105,0.12631578947368421,0.06666666666666667,200.0083577666168,5.075788295561569
Campaign_C,1094,141,225,6560.565495505019,1668.067171385252,0.6619772937137973,908.3105277202908,0.12888482632541134,1.5957446808510638,29.158068868911194,0.25425661439217867
Campaign_C,3674,777,74,8419.609774367604,16813.60206360528,0.7683649481700363,3637.695526044011,0.2114861186717474,0.09523809523809523,113.77851046442707,1.9969574023242842
Campaign_B,7898,693,17,5244.601813734936,28163.47737960208,0.6213051778973572,2551.500657777239,0.08774373259052924,0.024531024531024532,308.5059890432315,5.369993448472211
Campaign_A,1793,1552,85,5582.742293689862,8262.655642866906,0.5639037714565655,3415.8599649424127,0.8655883993307306,0.0547680412371134,65.67932110223367,1.4800352959523375
Campaign_C,3116,1926,183,1871.6825052698387,5512.8389557799,0.7440129332335637,1054.2222207754612,0.6181001283697047,0.09501557632398754,10.227773252840649,2.945392148646022
Campaign_B,6779,1281,56,7947.879907548877,40948.54022343744,0.4851716657433517,3740.8602459764847,0.18896592417760733,0.04371584699453552,141.92642692051567,5.152133738777887
Campaign_C,7166,1339,24,4484.201310836231,44825.815043776856,0.6051499095617746,4978.314345132399,0.1868545911247558,0.017923823749066467,186.84172128484295,9.996387748126672
Campaign_C,1814,1793,156,5250.761123580035,41356.714619111284,0.5149703705622573,3344.9699780985006,0.9884233737596472,0.08700501952035694,33.65872515115407,7.876327573423061
Campaign_A,1345,1585,35,7958.428283909222,45040.606597130034,0.7826872318174101,2492.7259904607445,1.178438661710037,0.022082018927444796,227.38366525454921,5.659485138315006
Campaign_C,9554,233,102,6189.03130075467,28102.486581860205,0.9193148610903591,4619.711243665361,0.024387691019468284,0.43776824034334766,60.67677745837912,4.540692269310947
Campaign_A,3443,1190,241,2410.4379107053405,40800.647928526756,0.9475310324087265,128.46661904778767,0.3456288120824862,0.20252100840336135,10.001817056868633,16.926653761675905
Campaign_C,8783,1971,30,6107.210261933481,19818.08928116392,0.6476522457428748,3663.1214204648145,0.22441079357850394,0.015220700152207,203.5736753977827,3.245031435169503
Campaign_B,1984,1130,47,4372.51215080673,33647.125212472885,0.5388917143000445,4449.295258228374,0.5695564516129032,0.0415929203539823,93.03217342141978,7.695147332241257
Campaign_C,8790,1047,285,4960.492649416695,49452.94103806906,0.6435561537113783,355.2891889237394,0.11911262798634813,0.2722063037249284,17.40523736637437,9.969360814169182
Campaign_A,1827,1649,166,768.957106825344,12060.658468117244,0.8659981754794981,2277.817643558003,0.9025725232621784,0.10066707095209218,4.632271727863518,15.684435921152915
Campaign_A,4531,172,188,2495.2788204046756,20105.08756826295,0.5133031232036219,1063.3612970524946,0.037960715073935114,1.0930232558139534,13.272759683003594,8.057250918758
Campaign_B,8147,498,141,3169.8617731197683,24522.321488194197,0.923652608409108,2854.264919659759,0.061126795139315085,0.28313253012048195,22.481289171062187,7.736085433169978
Campaign_C,5451,1528,37,7273.120074658655,7762.758863982534,0.5880261728389831,3265.2376450881197,0.28031553843331497,0.024214659685863876,196.57081282861228,1.067321697469275
Campaign_C,4876,1798,269,609.1784963320955,4970.8919127877825,0.9421920126976676,1547.9847554973373,0.3687448728465956,0.1496106785317019,2.264604075583998,8.159992420477504
Campaign_B,6959,677,85,4383.383981676754,41656.42044975959,0.8612348881436792,2326.909264906599,0.09728409254203191,0.1255539143279173,51.56922331384416,9.503256074277337
Campaign_C,1126,958,76,9278.255269044463,48862.924268551724,0.8447137937810647,1432.7304521189694,0.8507992895204263,0.07933194154488518,122.08230617163767,5.2663914552529825
Campaign_C,4177,229,203,1562.8658572166764,20831.528127653273,0.574847570575306,1878.486264052813,0.05482403638975341,0.8864628820960698,7.698846587274268,13.32905702140832
Campaign_A,9795,1030,171,5406.031688076805,5294.84197353801,0.4048274665713612,839.7227856076967,0.10515569167942827,0.16601941747572815,31.61422039810997,0.979432285832873
Campaign_C,7024,1589,266,7971.962632713047,4224.776273838248,0.6101730998542934,4433.519245748876,0.22622437357630978,0.16740088105726872,29.969784333507697,0.5299543498236966
Campaign_C,6109,1329,81,9454.047421441108,44674.59211165464,0.5659951533144816,99.55153226772532,0.21754788017678833,0.060948081264108354,116.71663483260627,4.725446162913869
Campaign_B,5146,1911,96,7594.378075570321,23726.898236656318,0.4205683447248385,4417.9254728967535,0.37135639331519626,0.05023547880690738,79.1081049538575,3.1242714018915207
Campaign_B,8196,1891,271,7345.372712121858,16681.338511557202,0.6779508910782612,2879.8104478312057,0.23072230356271353,0.14331041776837652,27.104696354693203,2.270999602787816
Campaign_A,4368,365,223,8351.636856859743,24346.602290730578,0.6216672212055051,1691.7063286762366,0.08356227106227106,0.6109589041095891,37.45128635363113,2.9151892866047127
Campaign_C,4797,1660,162,4738.911599286665,16596.90063992502,0.7490060572578385,3629.1327710286323,0.34604961434229725,0.09759036144578313,29.252540736337437,3.5022600215676754
Campaign_C,2792,892,219,8155.523059869414,24962.75299007338,0.7416524772067458,2563.373151720188,0.3194842406876791,0.24551569506726456,37.23983132360463,3.0608402191769515
Campaign_C,6732,352,70,575.6618450817857,43118.263448978905,0.4664106497431741,2520.5878576326522,0.05228758169934641,0.19886363636363635,8.22374064402551,74.90206936131574
Campaign_A,4476,921,277,9283.330026079646,30022.767182042688,0.9373310503696424,595.2043004488838,0.20576407506702413,0.3007600434310532,33.51382680895179,3.234051476969985
Campaign_A,4417,1412,271,4711.411840413166,35038.034867698596,0.5028122861927958,1978.104328429773,0.31967398686891557,0.19192634560906516,17.38528354396002,7.436843998045806
Campaign_B,2645,263,227,5757.111784724602,18868.863135482494,0.6449007136205875,1243.2685119908463,0.09943289224952741,0.8631178707224335,25.361725923896927,3.2774877127707374
Campaign_A,4030,194,292,2921.381364691382,37186.78804701542,0.6684646488885542,127.69473270158426,0.04813895781637717,1.5051546391752577,10.004730700997882,12.729179591704515
Campaign_C,3872,1905,145,7554.042911984004,33664.23715908924,0.8471845384677661,1832.4931723714606,0.4919938016528926,0.07611548556430446,52.0968476688552,4.456452994949644
Campaign_C,4072,932,102,1228.0401615148637,6858.537889850766,0.45457627785205573,494.6195406567435,0.2288801571709234,0.10944206008583691,12.03960942661631,5.584945920164642
Campaign_A,2854,1233,118,8790.040124194935,29059.499802663646,0.6357543535646925,1321.3086867396667,0.4320252277505256,0.09570154095701541,74.49186545927911,3.3059575829098002
Campaign_C,5021,435,250,8367.109875560256,13580.431319178142,0.7456761936299121,507.95727485631755,0.08663612826130253,0.5747126436781609,33.468439502241026,1.6230731424772649
Campaign_C,5662,921,151,2552.571104325281,40400.687812046046,0.5183355918932305,549.6610465041742,0.16266336983398091,0.16395222584147665,16.90444439950517,15.827448545346254
Campaign_A,7514,337,246,8188.581783709992,21870.947714880032,0.7451073443213401,1035.105907355182,0.0448496140537663,0.7299703264094956,33.28691781995932,2.6709078925472958
Campaign_A,6031,480,186,7970.3984640840745,49739.52409462787,0.9080156606523089,4999.253760207681,0.07958879124523296,0.3875,42.85160464561331,6.240531677150439
Campaign_C,3708,1559,150,6506.057678662515,5532.5214590092255,0.9486349721449712,60.81150714338142,0.4204422869471413,0.09621552277100706,43.3737178577501,0.8503646497254195
Campaign_C,8112,998,198,4048.4416805470314,39237.045274267766,0.4178480922348717,3211.429548796006,0.1230276134122288,0.19839679358717435,20.446675154277937,9.691888477189574
Campaign_C,9393,582,58,3079.238164727745,34011.38494356567,0.5295735255345726,749.1563052314589,0.06196103481315873,0.09965635738831616,53.09031318496112,11.0453895165244
Campaign_B,4507,1001,199,2701.9441077488254,38607.442698944564,0.5706689136854336,4607.10927671834,0.22209895717772354,0.19880119880119881,13.57760858165239,14.288764370892581
Campaign_B,7456,1148,145,3526.785146254268,16068.959979032361,0.6195193552447313,513.4828220014647,0.15396995708154507,0.12630662020905922,24.322656181063916,4.556262803845281
Campaign_B,5212,1776,52,9083.805212609039,25110.669979737628,0.533241436671622,4777.562776274871,0.340752110514198,0.02927927927927928,174.68856178094305,2.764333821786715
Campaign_A,8970,1240,99,1237.5873718934222,40028.91746646171,0.5119183970054219,3074.0856180432156,0.13823857302118173,0.07983870967741935,12.500882544378001,32.344316349334
Campaign_B,9766,581,254,8374.277124403106,12394.525249421895,0.9250046133296249,56.276980731676716,0.059492115502764696,0.43717728055077454,32.96959497796499,1.4800710634836245
Campaign_A,1536,1515,201,3814.455712897324,12075.626642643952,0.9051868815237848,4475.33562968819,0.986328125,0.13267326732673268,18.977391606454347,3.165753531182497
Campaign_A,2625,1016,115,5455.194262107902,28001.496711451688,0.4258458755517146,2632.4734167662455,0.38704761904761903,0.11318897637795275,47.436471844416545,5.132997170412741
Campaign_B,8973,1093,242,8047.613519660661,26654.615396962934,0.5863471618826666,1350.2151898858986,0.12180987406664438,0.22140896614821592,33.254601320911824,3.312114247515065
Campaign_B,9577,1063,274,8901.577196718228,14830.861050233709,0.6228317045231236,3848.031928702369,0.11099509240889631,0.257761053621825,32.48750801721981,1.6660936284079464
Campaign_B,9070,636,46,3775.4234906901465,15605.706875716316,0.5314579940662688,4636.994491740006,0.0701212789415656,0.07232704402515723,82.07442371065535,4.133498378181568
Campaign_C,9666,1202,50,4887.513072113548,14614.41299712171,0.7458800933434966,2444.26957457663,0.12435340368301262,0.04159733777038269,97.75026144227097,2.990153229565047
Campaign_B,9609,1703,26,4437.902615759526,38804.09103792589,0.7522094106543326,1611.989698493399,0.17722968050785723,0.015267175572519083,170.68856214459717,8.743790569024181
Campaign_C,7490,1296,286,625.8848182871502,32943.14241256057,0.8677773255807284,3955.2783634778875,0.17303070761014686,0.22067901234567902,2.1884084555494763,52.63451269311115
Campaign_A,4600,1135,68,3311.4574441572377,41788.441987102386,0.8074780976118698,3424.8382140528506,0.2467391304347826,0.05991189427312775,48.69790359054761,12.61935044970433
Campaign_C,7783,1923,192,4862.297720459337,48798.178387387066,0.6984153298312756,4449.324794563849,0.24707696261081846,0.0998439937597504,25.324467294059048,10.036032590529471
Campaign_B,5971,227,50,4405.389284364178,24234.050517327334,0.759472723524431,3477.944363167905,0.038017082565734384,0.22026431718061673,88.10778568728355,5.501000922515521
Campaign_A,2205,1731,48,7358.327661398955,4268.000188866994,0.5506938298486599,1255.4652775527047,0.7850340136054422,0.02772963604852686,153.29849294581155,0.5800231228158665
Campaign_A,2990,191,201,4155.63436360048,3356.5232101897363,0.7261809044820466,4661.713286307144,0.06387959866220735,1.0523560209424083,20.67479782885811,0.8077041713750805
Campaign_A,6299,1776,276,5149.076265221367,15487.586924309338,0.6690749901124555,568.936948669657,0.2819495157961581,0.1554054054054054,18.6560734247151,3.0078379356930154
Campaign_C,4572,642,156,4581.281625257452,46694.68487827009,0.4733394570240037,1376.3166130288969,0.14041994750656167,0.24299065420560748,29.367189905496488,10.1924938691465
Campaign_B,6975,945,136,7535.94841449652,26637.43969357287,0.5333993521206339,2624.963308233234,0.13548387096774195,0.1439153439153439,55.411385400709705,3.5347162995876915
Campaign_A,7320,1655,55,8698.237790376144,14317.539287926329,0.5604313978968724,2850.4230290509618,0.2260928961748634,0.03323262839879154,158.149778006839,1.6460275785708527
Campaign_A,5380,1781,54,5552.946250571385,20559.172931039957,0.9083702618789068,125.78740380318189,0.33104089219330857,0.030320044918585063,102.83233797354416,3.702390047251847
Campaign_A,5757,1088,10,7999.605844854316,30331.16026282887,0.5267126516622391,3913.8349928136527,0.18898731978461003,0.009191176470588236,799.9605844854316,3.791581841790262
Campaign_C,3713,1951,177,3319.4734791885808,32994.53324875427,0.5590841465508175,1839.9562262056781,0.5254511176945866,0.09072270630445925,18.75408745304283,9.939688765586862
Campaign_C,6588,546,117,5643.011296494053,8542.055979362347,0.6031447715491878,2061.771777960582,0.08287795992714025,0.21428571428571427,48.23086578200045,1.5137407193690082
Campaign_B,1966,489,28,3779.6845598647383,48874.55215071362,0.7650585062439628,4056.3792449628813,0.24872838250254323,0.05725971370143149,134.9887342808835,12.930854778120075
Campaign_C,5944,771,81,4434.908792932388,27693.839122156653,0.46503111585967727,1927.4527890513455,0.12971063257065948,0.10505836575875487,54.751960406572685,6.244511536807801
Campaign_A,4432,1984,118,7457.931715720351,7648.727571821686,0.9246698668715768,283.76313864903636,0.44765342960288806,0.059475806451612906,63.20281115017247,1.025582944893309
Campaign_B,1688,142,277,8875.793582160772,44788.12741396055,0.8760641710521204,923.376863828234,0.08412322274881516,1.9507042253521127,32.04257610888365,5.046098357219466
Campaign_A,5243,353,249,1654.2062153337715,4657.283122892011,0.7174688401549225,4781.720703321503,0.06732786572572955,0.7053824362606232,6.643398455155709,2.8154187063988902
Campaign_A,4701,1253,99,6529.072936630115,45479.036225698124,0.7707208270837262,398.5065438924451,0.2665390342480323,0.07901037509976057,65.95023168313247,6.965619264344053
Campaign_C,9533,1183,112,6030.366171989086,49831.717158160136,0.40916325918431884,1806.9094447916802,0.1240952480855974,0.09467455621301775,53.84255510704541,8.263464562007417
Campaign_B,6182,762,259,1624.9428721713527,35321.15815866869,0.5864196264416468,2540.7368769041555,0.12326108055645423,0.33989501312335957,6.2739107033642965,21.736861500534044
Campaign_C,7704,566,17,2512.9961391810366,38751.9138326255,0.8376131268637931,2491.740095325872,0.07346832814122534,0.030035335689045935,147.82330230476686,15.420602215988444
Campaign_C,5422,386,162,3454.5236999604626,17527.838986906834,0.44261563558581224,69.60171791010663,0.07119144227222426,0.41968911917098445,21.324220370126312,5.073880079939078
Campaign_B,2759,1110,183,2085.845172766264,47137.26578396276,0.5552726088158961,2530.7555207145774,0.40231968104385646,0.16486486486486487,11.398061053367563,22.598640780920928
Campaign_A,3482,1640,167,2815.430083981247,26955.984339310013,0.7219132555838712,1949.6736669881757,0.4709936817920735,0.10182926829268292,16.85886277833082,9.574375329964528
Campaign_A,9058,1590,224,3042.2075891862214,36887.033883280186,0.541027165234418,4861.7927105990575,0.17553543828659748,0.14088050314465408,13.581283880295631,12.125087720640169
Campaign_B,1951,877,186,3688.9014138710663,46281.27807965269,0.9136878857794856,837.8374657694577,0.44951307022039977,0.2120866590649943,19.83280330038208,12.546087001844258
Campaign_A,9914,444,184,7619.20930161101,48783.818822799905,0.47208224694235973,1803.0632739595003,0.04478515230986484,0.4144144144144144,41.40874620440766,6.402740348986741
Campaign_B,3079,741,155,5933.165936580706,41827.01347323704,0.8385668968492782,2126.433351194608,0.24066255277687562,0.20917678812415655,38.27848991342391,7.049695545400846
Campaign_B,3717,481,170,9869.343383538315,15847.85784211947,0.6793717805485245,1983.9330086496964,0.12940543449018024,0.35343035343035345,58.054961079637145,1.6057661818265527
Campaign_C,5524,1902,136,4439.990356190974,48360.828311052035,0.8126819267009757,3345.8625968767196,0.3443157132512672,0.07150368033648791,32.64698791316893,10.892102106397441
Campaign_B,9477,789,91,7661.718201450788,31777.857030935018,0.570893430571296,1116.7886448614556,0.08325419436530547,0.11533586818757921,84.19470551044822,4.14761495990778
Campaign_C,8311,1376,156,8778.95000307707,46601.481341246035,0.6829692812716213,1144.3041864292595,0.16556371074479606,0.11337209302325581,56.27532053254532,5.30832062204614
Campaign_A,8186,1179,248,6950.295683861398,34129.14626490324,0.8712594423477469,3659.594195079223,0.14402638651355973,0.21034775233248515,28.025385822021768,4.910459614567362
Campaign_A,3065,1586,93,4412.715033966212,16054.709130538304,0.6567829545177074,2526.4380674569893,0.5174551386623165,0.058638083228247165,47.44854875232486,3.638283688604315
Campaign_A,1768,556,122,7659.148992084653,19131.20168299798,0.5978459240506483,2105.0205964836864,0.31447963800904977,0.21942446043165467,62.779909771185686,2.4978234139026565
Campaign_A,6490,1082,234,2434.837808840506,27973.117078044084,0.6948854624390048,887.5551058023964,0.16671802773497688,0.21626617375231053,10.405289781369683,11.4886983340238
Campaign_C,7645,182,252,3611.745569211258,39710.72723643422,0.7945495141700017,978.2597534152247,0.02380640941792021,1.3846153846153846,14.332323687346262,10.994885014867299
Campaign_A,6083,1222,152,5693.509923443244,16581.14501567641,0.6439598400241765,102.23060223870769,0.20088771987506165,0.12438625204582651,37.45730212791608,2.9122887706584852
Campaign_B,6232,248,50,5966.3891792184095,29406.827140575413,0.9163823363282501,502.5600308654607,0.03979460847240052,0.20161290322580644,119.32778358436819,4.92874773288384
Campaign_B,6797,1452,267,710.3440169899799,17935.624685243674,0.5622202032232881,2806.351538716693,0.2136236574959541,0.18388429752066116,2.6604644831085387,25.249209194784665
Campaign_B,5926,1279,294,9478.584793182083,40972.70082712025,0.6615049833930162,4464.771993541629,0.2158285521430982,0.22986708365910868,32.240084330551305,4.322660156671468
Campaign_C,7016,289,114,7117.959076565205,23869.67659462957,0.8163102126377928,1471.4655873962593,0.04119156214367161,0.3944636678200692,62.43823751372987,3.3534439209150335
Campaign_A,4335,1617,211,5209.185627202965,4759.418515791376,0.779016599772667,1672.3487681858344,0.37301038062283737,0.13048855905998763,24.688083541246282,0.9136588435123422
Campaign_A,9038,982,275,9364.70872687893,9136.573552595282,0.8750025788294358,622.2477725269854,0.10865235671608763,0.280040733197556,34.05348627955974,0.9756388392915153
Campaign_A,5873,362,219,4671.407869882871,3994.128713361982,0.9482450493746098,1973.7231807551586,0.06163800442703899,0.6049723756906077,21.330629542844157,0.8550160518229657
Campaign_C,2481,1203,60,9814.137917568532,25465.844354701938,0.6347720808372992,234.24743761817936,0.4848851269649335,0.04987531172069826,163.56896529280888,2.5948121545260636
Campaign_B,7305,499,127,5366.705193813108,6210.527570063131,0.4611329838808215,4592.123446496406,0.06830937713894593,0.2545090180360721,42.257521211126836,1.1572328543820156
Campaign_B,4451,863,210,1585.714814980805,6592.8584961719735,0.4167287344443824,3381.9011732164167,0.19388901370478545,0.24333719582850522,7.551022928480023,4.157657123391245
Campaign_A,1054,708,48,7765.609238363134,47111.364741880476,0.7997822983768743,4954.206606496434,0.6717267552182163,0.06779661016949153,161.78352579923197,6.066666927965435
Campaign_B,8643,1383,37,6949.528388239485,43760.09853662671,0.8807075192197935,4419.974655258544,0.16001388406803194,0.02675343456254519,187.82509157404013,6.296844345679751
Campaign_B,4462,1895,268,7843.373852403074,23152.243243756933,0.5213919222694303,2391.303438805856,0.42469744509188706,0.14142480211081795,29.26632034478759,2.951821968382074
Campaign_C,1832,1738,93,9538.69927289397,49304.460721660085,0.4871464204544483,2622.4409041943654,0.9486899563318777,0.053509781357882626,102.56665884832225,5.168887215237836
Campaign_C,6954,1675,164,7876.648375184672,1009.1398803624926,0.43421280033913007,993.3514302601095,0.24086856485475985,0.09791044776119404,48.028343751126044,0.12811792939009198
Campaign_C,9519,884,126,6307.697721058145,31084.993357396295,0.8524866069444634,2337.0947470558003,0.0928668977833806,0.1425339366515837,50.061093024270995,4.928104473621105
Campaign_C,8221,200,11,8644.434572427988,31204.980691221634,0.5712600669409214,4519.987973789418,0.024327940639824838,0.055,785.8576884025443,3.6098347936777775
Campaign_A,4310,1482,102,6895.84117386805,23414.709737624522,0.6209332910178771,301.72444699731454,0.34385150812064963,0.06882591093117409,67.60628601831421,3.395482747827068
Campaign_C,4300,1503,175,4377.131039846269,20450.45067378035,0.6765126053852868,4324.606174841633,0.3495348837209302,0.1164337990685296,25.01217737055011,4.672112963403215
Campaign_B,7722,919,267,8913.387760296846,23313.773638549774,0.8616992788152529,1737.6916181309182,0.119010619010619,0.29053318824809576,33.38347475766609,2.6155906447150175
Campaign_A,8218,1344,90,2608.054377451542,21333.06136790434,0.7579582718588167,4502.588187226734,0.1635434412265758,0.06696428571428571,28.978381971683802,8.1796842705212
Campaign_B,8776,919,277,7289.09211163288,36794.13139663267,0.7382855464217961,4707.355536390349,0.10471741112123975,0.3014145810663765,26.314411955353357,5.047834604519789
Campaign_B,4675,519,244,8874.852821937191,7632.416313690919,0.4966196549757509,3370.7811906594343,0.11101604278074867,0.4701348747591522,36.372347630890125,0.8600048323984403
Campaign_B,4054,223,222,7447.506937181314,10684.321808965376,0.6822544404404063,3338.8977436337555,0.05500740009866798,0.9955156950672646,33.547328545861774,1.4346172348795572
Campaign_C,8970,521,71,7124.116481011641,9845.393191228757,0.7934595594482603,2291.1339716582634,0.058082497212931995,0.1362763915547025,100.33966874664283,1.3819809400183598
Campaign_C,3143,1354,58,7650.063793682442,13861.058670941962,0.9352934856667704,4185.924111491352,0.43079860006363346,0.04283604135893648,131.89765161521453,1.8118879848281355
Campaign_A,6207,1813,136,4918.024858856122,26737.66252029758,0.5107734700673437,4809.983154244752,0.2920895762848397,0.07501378929950359,36.16194749158913,5.436666809877912
Campaign_A,3538,1186,232,8804.621480491747,6449.228619572717,0.40524884418697465,3886.65491167864,0.3352176370830978,0.19561551433389546,37.950954657292016,0.7324822121952846
Campaign_C,5547,1608,288,2432.6465137928662,43540.2954709987,0.44141578847915836,3128.5868320957106,0.28988642509464574,0.1791044776119403,8.446689284003007,17.89832399575093
Campaign_B,6619,1751,293,1710.1709520032232,15570.715034115143,0.6067188558500886,3053.624834315617,0.26454147152137786,0.16733295259851513,5.836760928338646,9.104771084946949
Campaign_A,9356,1826,286,3212.3334111258596,8964.361385966684,0.851299556260293,4254.876012839129,0.19516887558785806,0.1566265060240964,11.231935003936572,2.7906073992564964
Campaign_C,7612,1697,116,5549.985269362435,34105.444170313924,0.4039281449725348,2728.958640567927,0.22293746715712034,0.06835592221567471,47.84470059795203,6.145141385975579
Campaign_C,6005,867,155,5350.337056388712,2866.2287293666445,0.6512018260872121,4029.1064369316723,0.1443796835970025,0.1787773933102653,34.51830358960459,0.53570993736631
Campaign_C,1822,582,108,8295.688197927573,31378.459678834046,0.581076838437767,2568.9820131125166,0.3194291986827662,0.18556701030927836,76.81192775858864,3.782502298805421
Campaign_B,1943,618,82,4343.402235838165,35211.72310314849,0.4288649405548502,359.09916112092446,0.31806484817292846,0.13268608414239483,52.96831994924592,8.106945014811306
Campaign_C,7150,254,131,5101.272049769332,11530.91003794924,0.6476299576699395,1950.5376940755684,0.035524475524475525,0.515748031496063,38.94100801350635,2.260398960386879
Campaign_C,5425,191,39,626.9929909642585,3056.23959873808,0.5401117890351954,2249.9827404739185,0.0352073732718894,0.20418848167539266,16.07674335805791,4.874439814770273
Campaign_C,9966,1081,197,4392.522746207921,18818.62258705303,0.5935366588908535,751.0053626837552,0.10846879389925748,0.1822386679000925,22.297069777705183,4.2842402132804445
Campaign_C,3198,1649,297,6653.85521302825,5831.117281854888,0.7880884176313612,557.3568294866034,0.5156347717323327,0.1801091570648878,22.403552905819023,0.8763516931413775
Campaign_A,5242,554,204,647.3291409526257,6707.414633993517,0.6868530411510319,2700.551500801923,0.1056848531095002,0.36823104693140796,3.1731820634932633,10.36167570661614
Campaign_A,4695,1864,165,3168.3786692693157,13458.800340798363,0.46855608594604736,471.46100095260664,0.39701810436634716,0.08851931330472103,19.202294965268578,4.247850950183995
Campaign_C,4452,697,181,2475.585413249204,15477.928306711206,0.9287779972330015,1549.5785810559157,0.15655884995507638,0.25968436154949787,13.67726747651494,6.252229563106222
Campaign_B,2308,1768,50,898.8615746410882,26968.54671004961,0.7497509211403561,3735.755031017226,0.7660311958405546,0.02828054298642534,17.977231492821762,30.00300321083148
Campaign_A,5177,609,72,5052.970854188106,34241.20238964764,0.8212276341143923,4823.939288861505,0.11763569634923701,0.11822660098522167,70.18015075261259,6.776449613056277
Campaign_C,9705,1306,32,2226.3712856674865,30045.776102639054,0.44356723250460395,3603.459373732046,0.13456980937661,0.02450229709035222,69.57410267710895,13.495402270080508
Campaign_A,7852,485,84,7559.2746264981115,8269.656527186324,0.4258821087030104,4963.496464841707,0.06176770249617932,0.1731958762886598,89.99136460116799,1.093974876663173
Campaign_A,7035,1697,57,8555.31489575181,9432.215590178695,0.4106964277024447,3506.772957833043,0.2412224591329069,0.03358868591632292,150.09324378511945,1.10249776952831
Campaign_B,4594,1854,169,5683.059235356904,44059.69323985281,0.5038367152753944,1504.2826297389213,0.40356987374836745,0.09115426105717368,33.62756943998168,7.752812598844186
Campaign_C,5841,504,127,9826.219753950845,28359.26343814157,0.6279246187451724,3376.6600755015415,0.08628659476117104,0.251984126984127,77.37180908622713,2.88608072567674
Campaign_C,2409,345,109,4779.546428970656,43626.95381198676,0.9147043733715525,3525.675987724674,0.1432129514321295,0.3159420289855073,43.84904980707024,9.127843919989381
Campaign_B,5566,841,176,5376.997997136697,19205.779054673843,0.6513828125961769,1890.04857385148,0.15109593963348905,0.20927467300832342,30.551124983731235,3.5718404702588886
Campaign_B,5491,1714,299,9897.568662598625,31105.60036413487,0.5596403079548912,137.6835605164756,0.31214714988162445,0.17444574095682613,33.10223632976129,3.142751661999386
Campaign_C,2555,760,165,2699.710141667964,26659.507386675927,0.7090643894358148,3530.8389346386602,0.2974559686888454,0.21710526315789475,16.36187964647251,9.874951749525549
Campaign_C,1804,749,16,9454.1864269306,16637.051001202664,0.4615640179741341,157.415471613931,0.4151884700665188,0.021361815754339118,590.8866516831625,1.7597549117300466
Campaign_B,2279,1594,205,906.9567736315759,24025.85322964617,0.7352282400527408,3174.3809863973524,0.6994295743747257,0.1286072772898369,4.424179383568663,26.490626596726823
Campaign_A,8083,1949,65,4740.675457500351,25622.05296451967,0.7126375748817768,859.9016192756476,0.24112334529258939,0.033350436121087734,72.93346857692848,5.404726223977709
Campaign_A,6986,1546,202,1165.0333652641248,10837.77776307725,0.8355961683731403,2849.7374623528144,0.2212997423418265,0.13065976714100905,5.767491907248142,9.302547108271202
Campaign_B,6619,1000,56,7427.730057679609,16435.508246459845,0.9426781863893632,2544.36947563397,0.15108022359873094,0.056,132.63803674427874,2.212722880184236
Campaign_A,2387,164,157,6279.8848908601685,39779.077774841804,0.5379804094438608,116.89252941560373,0.06870548806032677,0.9573170731707317,39.999266820765406,6.334364158925401
Campaign_B,3679,1136,284,7213.025502942166,45873.62373325223,0.6803110479420684,1846.1857941257622,0.3087795596629519,0.25,25.397977123035794,6.359831074289222
Campaign_A,3106,312,166,4057.5637996961614,18629.910583719673,0.899875973475452,3025.4012786116987,0.10045074050225371,0.532051282051282,24.443155419856392,4.59140299534285
Campaign_A,9173,341,211,4010.0783732981126,16041.64182824189,0.8318544364325626,4250.602431898959,0.037174315927177584,0.6187683284457478,19.005110773924706,4.000331249149215
Campaign_C,5223,592,135,930.5331501284987,10564.661064022244,0.6680734667054442,4448.77846349076,0.11334482098410875,0.22804054054054054,6.89283814909999,11.353341965907775
Campaign_C,5831,1336,73,3824.4769255315778,34246.06726387848,0.9199544072881277,2445.0573516644554,0.22912021951637798,0.05464071856287425,52.390094870295584,8.954444733411092
Campaign_A,3768,1816,185,9328.239821489564,16831.88538165053,0.43148018143424516,3655.6913121322186,0.4819532908704883,0.10187224669603524,50.42291795399764,1.804401012812164
Campaign_A,4186,437,125,4102.652103214265,49399.72741586024,0.9120492408419212,1616.4501538406155,0.1043956043956044,0.28604118993135014,32.82121682571412,12.040925277860513
Campaign_C,3573,272,213,8397.993209108714,16958.55530113371,0.42777906581054365,1743.8227085053543,0.07612650433809123,0.7830882352941176,39.42719816482964,2.0193580631548924
Campaign_C,3599,771,40,8502.092295124374,20312.66629234878,0.7010176092630764,1012.5944199524531,0.21422617393720478,0.05188067444876784,212.55230737810933,2.3891373543424503
Campaign_C,5033,263,122,4045.7909856027213,30563.375614389704,0.8897425214005972,2831.6431444665345,0.0522551162328631,0.46387832699619774,33.16222119346493,7.554363466415339
Campaign_B,9428,564,76,6503.892463763796,40282.53036637394,0.5444965189587165,1607.0925470904579,0.05982180738226559,0.1347517730496454,85.57753241794468,6.193603383021263
Campaign_A,2304,1094,84,1406.030221594057,24006.414601936052,0.6597366744198372,467.63593737059995,0.4748263888888889,0.07678244972577697,16.738455018976868,17.07389658717242
Campaign_C,8368,596,54,1484.9465169756268,21710.14565565896,0.5783808835253317,3440.780128982735,0.07122370936902486,0.09060402684563758,27.49900957362272,14.62015325634472
Campaign_A,6877,799,269,962.2478047862764,49786.253846145606,0.9236791543919932,3553.3783776467208,0.11618438272502545,0.33667083854818525,3.577129385822589,51.73953486670054
Campaign_B,2301,494,163,6019.64338706354,1514.1884158572777,0.8530050771141999,1831.9624729563363,0.21468926553672316,0.3299595141700405,36.93032752799718,0.2515412157323689
Campaign_B,3541,802,164,4547.674287447922,44858.199153711044,0.7899508312295087,429.78082730731285,0.22648969217735104,0.20448877805486285,27.729721264926354,9.863986802556324
Campaign_C,3051,407,243,5706.307388310281,8307.900471047134,0.7231948426383097,2160.173701146958,0.133398885611275,0.597051597051597,23.482746453951773,1.4559153416912618
Campaign_B,7809,1891,60,5450.195309829684,39510.338534236755,0.8513254841282814,2239.5605173485665,0.2421564861057754,0.03172924378635643,90.8365884971614,7.249343608471791
Campaign_A,9633,282,271,3826.928415361938,31278.646432468602,0.6157468728379509,3359.92088024457,0.029274369355341015,0.9609929078014184,14.121507067756228,8.173303244165954
Campaign_C,9996,728,134,6935.997440822993,17750.51698940651,0.6461535203083341,1611.3111367304832,0.07282913165266107,0.18406593406593408,51.76117493151487,2.5591873614215634
Campaign_A,1074,1917,254,7705.767868705711,43819.8728205299,0.8015009465944738,3428.866434917462,1.7849162011173185,0.13249869587897756,30.337668774431936,5.686632866075428
Campaign_A,7981,609,39,638.9684593379193,1632.4541710686067,0.5967651198115429,4363.868281699072,0.0763062272898133,0.06403940886699508,16.38380664969024,2.5548274679474927
Campaign_B,6475,1831,131,2468.801847804344,12107.84195167126,0.4351455181266056,1225.5559096928891,0.28277992277992275,0.07154560349535773,18.84581563209423,4.904339310357979
Campaign_B,9232,645,134,7275.7407467917,28777.747016227266,0.4408840348873393,4895.6518027935035,0.06986568457538994,0.20775193798449612,54.296572737251495,3.95530132501176
Campaign_B,8184,1687,46,4172.891640021425,18225.570742435204,0.46344954071813715,1962.5222788271944,0.20613391984359727,0.027267338470657973,90.71503565263967,4.367611794094329
Campaign_B,6796,723,179,6793.597495945278,30908.497270598054,0.8783247278390145,1372.9304914779557,0.10638610947616245,0.2475795297372061,37.9530586365658,4.549650945474121
Campaign_B,8141,1887,133,3796.145267478305,2181.3994770246745,0.6597245341659124,2136.480353425938,0.2317897064242722,0.07048224695283518,28.54244562013763,0.5746354060032401
Campaign_C,2622,693,44,4212.173947131552,6706.487593603913,0.792085303139605,517.2675057241029,0.2643020594965675,0.06349206349206349,95.73122607117165,1.5921677684206188
Campaign_A,9041,843,96,2007.4493000520067,7227.715770703523,0.6161001345826913,672.2442372349725,0.09324189802013051,0.11387900355871886,20.91093020887507,3.60044747855713
Campaign_A,1341,1350,143,2953.1946868285204,10274.898649884462,0.542291021078599,2101.4485324932407,1.0067114093959733,0.10592592592592592,20.65171109670294,3.479248657635514
Campaign_A,3074,1868,205,6251.411696322079,23507.240599226596,0.5909556921592165,3824.1003835985452,0.6076772934287573,0.10974304068522484,30.494691201571115,3.76030914954085
Campaign_A,8992,1856,283,4615.049557494081,37854.30627763499,0.8368002899244509,4506.54558589373,0.20640569395017794,0.15247844827586207,16.30759560951972,8.202361817797998
Campaign_B,1645,1559,210,7855.875487973653,45371.40305851615,0.743868868767291,3340.849054045541,0.9477203647416413,0.13470173187940987,37.40893089511263,5.775473800211574
Campaign_A,5263,1545,294,8599.557071914256,41933.25398392806,0.9157018789768461,570.8367984289401,0.29355880676420293,0.19029126213592232,29.250194122157335,4.8762109063593595
Campaign_C,9801,653,86,5645.640973059219,10647.505717008495,0.7738376282172587,3376.4978227936485,0.06662585450464238,0.13169984686064318,65.64698805882813,1.8859693288712447
Campaign_C,7136,120,68,7703.539274532562,22616.377059300987,0.7135998974650817,3195.368207479711,0.016816143497757848,0.5666666666666667,113.28734227253767,2.9358423775509745
Campaign_A,9646,653,135,3415.592875348415,10771.168290168216,0.735607804942209,4038.5313955519896,0.06769645448890732,0.20673813169984687,25.300687965543815,3.1535281525815573
Campaign_A,3969,496,118,4442.2265463007425,13959.119016692348,0.918304291707628,4134.980899928296,0.12496850592088687,0.23790322580645162,37.645987680514764,3.1423699064418007
Campaign_C,4028,724,233,7271.387924059894,25673.80209408242,0.8335105114266883,4347.6052251059455,0.17974180734856007,0.3218232044198895,31.20767349381929,3.5307980212597094
Campaign_C,8643,204,287,4169.013931761791,4337.342211452604,0.4132226805515408,2099.950997166537,0.023602915654286707,1.4068627450980393,14.526180946905196,1.040376041540278
Campaign_B,3681,291,77,6090.796884010394,11690.542150070387,0.6937768328746334,3504.4287569931143,0.07905460472697637,0.2646048109965636,79.10125823390122,1.919378099893708
Campaign_C,4629,116,78,2261.041401283859,46833.529904048744,0.7785861263506106,1377.8392766654383,0.025059408079498812,0.6724137931034483,28.98771027286999,20.713256235580577
Campaign_B,5225,1243,174,6197.827492219731,23839.69834026596,0.8117841631415352,4996.7145859183465,0.23789473684210527,0.13998390989541432,35.61969823114788,3.846460452504117
Campaign_B,4067,492,171,8684.38021865549,22823.93977291574,0.5172281656226652,917.9044948154567,0.12097369068109172,0.3475609756097561,50.78584923190345,2.6281598914665354
Campaign_B,6941,524,51,8752.076578322543,1713.790582812666,0.8769475449482437,100.06643672113725,0.0754934447485953,0.09732824427480916,171.60934467299106,0.1958153093698293
Campaign_B,2386,228,118,7381.271860130627,13122.587605858944,0.92571373094634,786.6031368649712,0.09555741827326068,0.5175438596491229,62.55315135703921,1.777822014216763
Campaign_B,3866,1253,60,7584.657101223197,43448.32936312688,0.5301934182146784,3890.5678332434272,0.3241076047594413,0.047885075818036714,126.41095168705328,5.728450051633825
Campaign_A,5788,671,259,5800.310728931657,9066.792984674768,0.8854385016344852,2261.5791987156467,0.11592950932964755,0.3859910581222057,22.395022119427246,1.5631564253015038
Campaign_C,6490,1683,30,6054.346856575336,21341.122037201334,0.4533383193838525,2265.12622666162,0.2593220338983051,0.017825311942959002,201.81156188584453,3.5249255688123924
Campaign_B,5124,128,148,1769.680523399921,1702.2143874830613,0.43063875986338485,4777.36345207776,0.02498048399687744,1.15625,11.95730083378325,0.9618766579477049
Campaign_C,9340,1220,101,4716.66229000236,24438.438601857237,0.47107309005651216,4602.192794738968,0.13062098501070663,0.08278688524590164,46.699626633686734,5.181299211024287
Campaign_C,4850,1133,289,4782.374696920457,2030.0342295846406,0.43175759370686984,1590.4139521298455,0.2336082474226804,0.25507502206531335,16.548009331904694,0.42448247120658544
Campaign_B,6415,341,134,9605.729438843531,41160.868100224194,0.8647567304356767,1084.8377374652875,0.053156664068589245,0.39296187683284456,71.68454805107113,4.285033048482334
Campaign_A,8679,1949,120,4595.32519492125,41417.83460686808,0.43247757945204957,4249.986939172011,0.22456504205553635,0.06157003591585428,38.29437662434375,9.013036694909653
Campaign_B,7819,331,148,5718.755126576198,39599.367226816124,0.5494153052500106,4534.794401669597,0.0423327791277657,0.4471299093655589,38.640237341731066,6.9244733076242335
Campaign_A,9378,888,282,5565.888293151474,14884.839375664791,0.45706598894472106,2730.9047678525103,0.09468969929622521,0.31756756756756754,19.737192528905936,2.6742971816340235
Campaign_C,2333,1407,108,6549.236311921108,42024.623692869085,0.5624821199725707,3165.6473700296474,0.6030861551650236,0.0767590618336887,60.64107696223248,6.416721231508269
Campaign_A,5150,814,261,7608.211897653011,27606.908497658194,0.4498077071805063,1321.7257092268521,0.15805825242718446,0.32063882063882065,29.150237155758663,3.628567246684389
Campaign_A,7766,858,113,2637.897823623285,19316.597334483118,0.7674017879086577,4013.973305493697,0.11048158640226628,0.1317016317016317,23.344228527639693,7.3227238604529425
Campaign_A,3711,901,223,5522.881981435139,31641.168025507417,0.47332974898841634,3179.0060208226646,0.2427917003503099,0.24750277469478357,24.766286912265198,5.729104502299243
Campaign_C,5853,875,258,8346.218219502289,1604.7112569583264,0.8685152592113883,2542.391880925083,0.14949598496497524,0.2948571428571429,32.3496830213267,0.19226806857369952
Campaign_C,7212,825,161,4899.589781456359,8005.083002436856,0.8494550778996526,347.5373525880593,0.11439267886855241,0.19515151515151516,30.432234667430798,1.6338271895198169
Campaign_A,8479,299,259,3145.3466905489436,37372.383370342875,0.4075139270088352,4583.8780644302105,0.03526359240476471,0.8662207357859532,12.144195716405187,11.881800973685491
Campaign_A,6408,1044,284,6719.736215884841,12963.918827091496,0.892649495533313,3096.48453090281,0.16292134831460675,0.2720306513409962,23.661043013679016,1.9292303165779008
Campaign_B,8715,178,174,8325.790260091668,30302.44674910873,0.4159193742088519,1003.8209187301915,0.020424555364314402,0.9775280898876404,47.84936931087165,3.6395880514019936
Campaign_A,9942,1055,17,1099.8327828102174,19870.027538328453,0.5318051817266561,3051.6112790661114,0.10611546972440153,0.016113744075829384,64.69604604765985,18.06640777478729
Campaign_B,2762,1978,293,7879.509592368658,42885.483161163815,0.4178140257767973,3403.443603487868,0.7161477190441708,0.14812942366026288,26.892524206036374,5.442658919115805
Campaign_A,8101,955,14,8305.655363136826,47668.34999383554,0.5847139178716239,2652.563166581966,0.11788668065670904,0.014659685863874346,593.2610973669161,5.7392641410818745
Campaign_B,8674,1296,154,4884.467812091764,44294.67169013933,0.6826265891422993,3604.6036028823114,0.1494120359695642,0.11882716049382716,31.717323455141326,9.06847447750305
Campaign_C,7122,566,110,9841.40373977544,14260.379739986236,0.838154677958326,2928.19704224669,0.07947205841055884,0.19434628975265017,89.46730672523127,1.4490188713984848
Campaign_A,1481,680,173,7973.729236719437,10513.980583258031,0.5858898527584099,4741.459431059134,0.4591492234976367,0.25441176470588234,46.09092044346495,1.318577577834046
Campaign_A,1153,1539,156,7849.794366508825,24247.309787416016,0.7880195135702142,315.80053906656883,1.3347788378143972,0.10136452241715399,50.31919465710785,3.0889101873632825
Campaign_A,8617,1039,73,7604.466456914682,1359.3733909728335,0.5031274514154392,575.9162569243244,0.12057560635952187,0.07025986525505294,104.1707733823929,0.17875986417650194
Campaign_A,2524,548,100,1930.776980573603,2264.660250295905,0.8128291512092695,909.6746029239822,0.21711568938193343,0.18248175182481752,19.30776980573603,1.1729268957946197
Campaign_B,3120,186,126,2563.6934213036025,28111.241341527002,0.5297981332500806,3466.346799491444,0.05961538461538462,0.6774193548387096,20.346773184949225,10.965133782350943
Campaign_A,3343,200,276,4907.906248912038,26502.02080409901,0.47894961576907236,3245.699570111553,0.05982650314089141,1.38,17.78226901779724,5.39986288653616
Campaign_C,6136,1131,182,3008.0413246149255,49734.51746272774,0.5019748677057299,4465.691358037986,0.1843220338983051,0.16091954022988506,16.527699585796295,16.53385445730022
Campaign_C,6760,944,56,4444.789237173384,10890.249932824147,0.5001347208850204,3677.743391775297,0.13964497041420118,0.059322033898305086,79.37123637809614,2.4501161588821887
Campaign_A,2240,1323,149,8940.409044267746,13647.092528862953,0.6820745836573452,2566.3596634447317,0.590625,0.1126228269085412,60.00274526354192,1.5264505752802167
Campaign_C,1060,1628,255,8331.105472853058,6563.491473988048,0.8646386696534802,4959.56737269497,1.5358490566037737,0.15663390663390664,32.671001854325716,0.787829597809704
Campaign_A,2639,186,158,6485.3788455598315,45959.60747303349,0.44378279234587814,1367.234383038031,0.070481242895036,0.8494623655913979,41.046701554176146,7.086649610993721
Campaign_A,7185,142,255,8652.143745385483,39112.750978464086,0.7888259751713824,4174.298715937997,0.0197633959638135,1.795774647887324,33.92997547209993,4.520584970554194
Campaign_C,8970,1508,14,7945.837695663868,41294.61646138553,0.7598905528090717,2162.6123423599006,0.1681159420289855,0.009283819628647215,567.559835404562,5.197012328092287
Campaign_A,2252,1744,193,4575.3568524884595,45235.42561026093,0.8798859735061493,3261.238937434884,0.7744227353463587,0.1106651376146789,23.706512189059374,9.886753551399634
Campaign_C,5203,1558,29,2410.1189444744787,26720.099349566073,0.534281158278799,3649.9789287395483,0.29944262925235443,0.018613607188703467,83.10754980946479,11.086630977622697
Campaign_B,9363,507,55,5384.909880088722,23108.46638108546,0.6475604222767662,3187.0827315921647,0.05414931111823133,0.10848126232741617,97.9074523652495,4.291337626007722
Campaign_A,4549,1606,21,7494.174384021226,17189.18220961521,0.9092050559439345,745.5111503875368,0.35304462519234997,0.013075965130759652,356.86544685815363,2.29367256869086
Campaign_B,5197,763,79,4645.986187931134,29871.51610304492,0.7629963975744245,2242.6075032022673,0.1468154704637291,0.10353866317169069,58.80995174596372,6.429531835596515
Campaign_C,8009,1140,26,6834.333142947024,23259.641442701304,0.6138226270738782,2829.1199707689657,0.142339867648895,0.02280701754385965,262.85896703642396,3.4033520105330344
Campaign_B,7667,1768,156,1396.1105497649146,23126.71374367318,0.47227681057039766,4252.766607934054,0.23059866962305986,0.08823529411764706,8.949426601057144,16.565102059838594
Campaign_B,3322,247,163,7606.044995528332,46909.4653228258,0.5443667543453251,2246.046456552933,0.07435279951836243,0.659919028340081,46.66285273330265,6.167392560838692
Campaign_C,5090,376,117,8220.779388984089,49217.54419967738,0.7196685126191609,4597.799158781045,0.07387033398821218,0.31117021276595747,70.26307170071871,5.986968129278507
Campaign_B,7960,331,245,7214.959629915141,40027.73507714946,0.7949923711582825,2229.8524039747927,0.041582914572864324,0.7401812688821753,29.448814815980167,5.547880671595698
Campaign_B,4004,1949,79,9689.004081500472,38081.14642209949,0.4684320377685414,2766.4603033519074,0.48676323676323674,0.040533606977937404,122.6456212848161,3.9303468242736166
Campaign_C,6136,465,192,8353.194545876084,34347.34992717597,0.7297784930242297,3991.614130566865,0.07578226857887875,0.4129032258064516,43.506221593104605,4.111881955883935
Campaign_B,1329,1351,259,9079.390414827114,9137.667764342172,0.702693203361313,2936.185037889611,1.0165537998495109,0.19170984455958548,35.05556144720894,1.0064186412140497
Campaign_C,4640,1774,237,9368.925292847656,3896.185222907072,0.6826754956798894,4803.079458294982,0.38232758620689655,0.13359639233370912,39.53133034956817,0.41586255638962816
Campaign_B,8982,535,111,8112.805922801182,34845.58944054989,0.7795677147251043,3318.6623610449315,0.059563571587619685,0.20747663551401868,73.08834164685749,4.295134109225485
Campaign_C,5107,498,84,6905.458999061741,36710.524890572226,0.860597277295904,2637.411797634625,0.09751321715292735,0.1686746987951807,82.2078452269255,5.316159996831515
Campaign_C,2341,1334,225,554.3265229274982,3301.67656380885,0.5776443257472776,166.78024051493952,0.569841947885519,0.1686656671664168,2.4636734352333254,5.956194458046318
Campaign_B,9407,1514,212,4925.344655619685,46474.535761213556,0.8889567045610276,2097.9778430226324,0.1609439778888062,0.14002642007926025,23.232757809526817,9.435793636936122
Campaign_B,1338,598,201,5926.04183691243,5465.8913327892,0.4883484869402029,1531.279675337794,0.4469357249626308,0.33612040133779264,29.48279520851955,0.9223511212396407
Campaign_B,6895,639,258,3388.2875882559965,15009.126154788917,0.4951631283631404,3753.1230560430718,0.09267585206671501,0.40375586854460094,13.132897628899212,4.429708448247259
Campaign_A,3708,662,251,3521.9922455829847,33947.10082713652,0.5467246349931582,1080.9744920100516,0.17853290183387271,0.37915407854984895,14.031841615868466,9.638607486916076
Campaign_A,2750,1614,188,9631.01444924657,9323.75712581934,0.4657419782508928,1065.8394321056555,0.5869090909090909,0.11648079306071871,51.228800261949836,0.9680970966198409
Campaign_A,6604,541,228,8971.253219426086,3715.378533669977,0.5266755735755827,988.1192640250151,0.08192004845548152,0.4214417744916821,39.347601839588094,0.41414264460006617
Campaign_C,3421,1384,91,8567.20055226619,17226.17796904334,0.45852646959656457,671.7972851233678,0.40456007015492546,0.0657514450867052,94.14506101391417,2.010712585044678
Campaign_B,8119,872,101,4357.112116208051,38532.60716790378,0.8519638293419647,1589.4846681708927,0.10740238945682966,0.1158256880733945,43.139723922851985,8.843611580378221
Campaign_C,9901,449,184,630.1362288846882,21270.255270277758,0.47643294553764354,4435.314466494954,0.045348954651045346,0.40979955456570155,3.4246534178515664,33.755010893319245
Campaign_A,6319,1475,248,1262.1113413292837,32995.67317348903,0.8110136566579212,3885.895937914477,0.23342300996993195,0.168135593220339,5.089158634392273,26.143234826443482
Campaign_B,7609,619,269,3465.865498067235,29401.335764178697,0.4263526273523336,3689.4935207186277,0.0813510316730188,0.4345718901453958,12.884258357127267,8.48311504891767
Campaign_C,6387,1443,172,649.5576734589313,2088.70561925344,0.9216861801326532,3996.8171879673155,0.22592766557069047,0.1191961191961192,3.7764981015054144,3.2155814712048043
Campaign_B,4993,237,57,662.922928194382,49438.45936523963,0.7911380481402714,1383.6185521813798,0.04746645303424795,0.24050632911392406,11.630226810427756,74.57648131117784
Campaign_C,9680,1673,125,9207.731365602904,3029.97635215,0.4037381017223615,4442.836369224815,0.1728305785123967,0.07471607890017933,73.66185092482323,0.3290687175636996
Campaign_B,9044,1746,234,7208.505770131013,48422.33414477576,0.8201210751101177,729.6517069509417,0.1930561698363556,0.13402061855670103,30.8055802142351,6.7173885530365185
Campaign_A,9238,1091,156,3435.08190564745,27943.34473985551,0.6827450564214019,1714.9113472421307,0.11809915566139857,0.14298808432630614,22.01975580543237,8.134695331111384
Campaign_A,5873,467,72,1760.123487209055,48194.79232618826,0.8286508436843159,2954.4031888883474,0.07951643112548953,0.15417558886509636,24.446159544570207,27.381483558638536
Campaign_B,5806,1343,22,5360.539320003232,6622.926371277937,0.6873732448898237,559.3801872929031,0.23131243541164312,0.016381236038719285,243.6608781819651,1.2354962767578288
Campaign_C,9592,1460,198,550.7885281164623,25030.01744009015,0.752563671699445,3664.1444294933035,0.15221017514595497,0.13561643835616438,2.7817602430124357,45.44397016707225
Campaign_A,6913,1346,296,9414.930566652369,9305.700501436873,0.8324824104672722,1966.867938607201,0.1947056270794156,0.2199108469539376,31.807197860312055,0.988398208097
Campaign_A,8124,1771,217,4440.743634194999,3497.768974099678,0.6228094300233211,3932.8080447615803,0.21799606105366814,0.1225296442687747,20.464256378778796,0.787653884625506
Campaign_A,4157,1891,123,4322.182074754661,31258.926638053268,0.40148948240124865,2489.8366136437835,0.4548953572287707,0.06504494976203067,35.139691664672036,7.232209587058549
Campaign_B,1390,459,31,4210.6392720269305,11181.38762712288,0.8674705727698536,945.3288959054149,0.3302158273381295,0.06753812636165578,135.8270732911913,2.6555083218373987
Campaign_B,5430,1020,223,1158.6191386837652,29797.153896089752,0.6094896994435643,3687.0709662089544,0.1878453038674033,0.21862745098039216,5.195601518761279,25.717816063301385
Campaign_C,9820,428,180,6564.061278022353,6505.859615500296,0.6728234993091207,1298.1125814027705,0.043584521384928715,0.4205607476635514,36.467007100124185,0.9911332847063865
Campaign_C,8686,1061,63,7463.534386469357,17267.337100202436,0.40427165318468283,2479.510991276812,0.12215058715173843,0.05937794533459001,118.46879978522789,2.3135603329578536
Campaign_C,5232,562,135,6923.1912770887575,39299.99534460911,0.6706506056925539,423.8896823266927,0.10741590214067279,0.2402135231316726,51.28289834880561,5.676572229726836
Campaign_B,9007,1045,286,1815.137186629246,22415.524570267196,0.9425680708644512,3108.4399393395815,0.11602087265460198,0.2736842105263158,6.346633519682678,12.349217863743608
Campaign_B,2521,1062,213,5998.98159633813,31759.52532996948,0.5530472134503233,3345.995942770572,0.42126140420468067,0.20056497175141244,28.164232846657885,5.2941528190978255
Campaign_C,2500,1684,203,5910.1025996364115,32725.43909653175,0.617480048633308,1924.4373393652786,0.6736,0.12054631828978622,29.11380590953897,5.537203211758966
Campaign_C,7737,1927,178,8749.90248544313,42343.99715537739,0.7779544980577722,4774.392762589316,0.24906294429365386,0.09237156201349248,49.15675553619736,4.839367893050629
Campaign_B,4294,1505,161,4101.712754568646,16921.216925925422,0.8481365171380122,4377.136161336239,0.3504890544946437,0.10697674418604651,25.476476736451218,4.125402713068563
Campaign_C,6085,935,44,4029.116464764625,34677.48256654336,0.6295653932033551,3554.307532912974,0.15365653245686114,0.047058823529411764,91.57082874465057,8.606721317143451
Campaign_A,3419,1713,193,6376.007057822763,48119.17454526212,0.5703178787207109,3582.5777687440263,0.5010236911377596,0.11266783420899007,33.03630599908168,7.546913626173672
Campaign_B,4042,1740,295,6514.1902082453735,36781.92338353553,0.9158041899917868,1299.3884889636486,0.4304799604156358,0.16954022988505746,22.08200070591652,5.64643067022799
Campaign_C,5497,268,66,4958.209659595009,25003.653359169482,0.772429731669418,3301.2353938878223,0.048753865744951795,0.2462686567164179,75.12438878174255,5.042879401193334
Campaign_B,2466,316,231,4709.063942139001,31905.15478010453,0.4654617174712276,1031.1210129158221,0.1281427412814274,0.7310126582278481,20.385558191077923,6.7752647176016545
Campaign_A,4561,477,172,5194.402871059885,37244.4619903923,0.43791033297405674,762.8159584031195,0.10458232843674632,0.36058700209643607,30.200016692208635,7.170114239289415
Campaign_B,1614,218,28,8679.930345281464,31001.51251899975,0.665952417934703,4997.366076302772,0.13506815365551425,0.12844036697247707,309.99751233148083,3.57163148617346
Campaign_B,6392,289,273,4881.085561912145,1817.1148610021185,0.5210495363259998,3130.760860792212,0.04521276595744681,0.9446366782006921,17.87943429271848,0.3722767892415865
Campaign_B,8693,866,291,9429.352023713313,10543.901386674066,0.5396916143569395,2183.389969653093,0.09962038421718625,0.33602771362586603,32.40327155915228,1.1181999950959345
Campaign_B,4223,469,122,5288.035754165097,40712.942643557835,0.8827306983553165,1476.414388275559,0.11105848922566895,0.2601279317697228,43.344555362009,7.699067203070719
Campaign_A,8138,1901,39,9517.406585218469,14359.88171831175,0.4492613133739709,3039.406196128026,0.23359547800442368,0.020515518148342977,244.03606628765303,1.5088019608844023
Campaign_B,3667,248,144,8411.903067756219,36846.54385849556,0.7934502633758893,295.4878656894263,0.06763021543496046,0.5806451612903226,58.415993526084854,4.380286311159785
Campaign_B,8980,1799,76,3943.0975648503763,19233.890546843235,0.5491282393593234,518.6709029987355,0.20033407572383075,0.042245692051139525,51.88286269539969,4.877863210461311
Campaign_C,1130,751,74,8704.593502317852,26572.332079739215,0.8181805217722757,212.64065381496192,0.6646017699115044,0.0985352862849534,117.62964192321421,3.0526792632721516
Campaign_B,3983,1982,34,1545.6011999105947,4330.6916911507815,0.7973262614549494,2520.8906746501757,0.497614863168466,0.017154389505549948,45.45885882089984,2.801946382677039
Campaign_C,5278,1611,46,9287.948165758638,9880.052491435768,0.40406554579436116,3023.002814476554,0.3052292535051156,0.028553693358162633,201.91191664692693,1.0637497448424624
Campaign_A,8126,869,10,6500.613393287471,47902.65121244249,0.6800244771068795,359.2748187212132,0.10694068422348019,0.011507479861910242,650.0613393287471,7.368943254171481
Campaign_A,9230,473,46,1016.7121109619562,44616.764618898786,0.4766257153079255,3620.061114119637,0.05124593716143012,0.09725158562367865,22.102437194825136,43.88338069139837
Campaign_A,8694,880,150,6620.43887468271,32961.48043405346,0.8764248668182721,1190.4556039970937,0.10121923165401427,0.17045454545454544,44.1362591645514,4.978745526992449
Campaign_A,7640,1816,241,9755.352714375183,23522.58527190113,0.8793722355743236,3441.747196160837,0.23769633507853402,0.1327092511013216,40.47864196836176,2.4112490814646796
Campaign_C,6468,259,145,1163.1062188389747,34112.303351865965,0.6300901941215669,4910.390843174466,0.04004329004329004,0.5598455598455598,8.02142219888948,29.32862261360552
Campaign_B,1920,450,197,5769.53324291082,31311.90416560301,0.6444175901480943,3470.974056766563,0.234375,0.43777777777777777,29.28697077619706,5.427112185214772
Campaign_A,8564,1411,137,7604.046322714038,28859.06052462599,0.56680561667249,4421.805611971862,0.16475945819710416,0.09709425939050319,55.503987757036775,3.795224187209529
Campaign_B,9684,1411,210,8197.456573645548,3899.676521313549,0.794133464428017,4743.582608378184,0.14570425444031393,0.148830616583983,39.03550749355023,0.4757178627637788
Campaign_C,9502,991,136,4431.36092054756,32007.32792241384,0.5972637496645525,2459.4176893439617,0.104293832877289,0.13723511604439959,32.583536180496765,7.222911538078658
Campaign_C,9930,1349,266,2439.5823120983086,38677.08218398725,0.5472858609874486,3526.508648127549,0.13585095669687813,0.19718309859154928,9.171362075557552,15.853977130503424
Campaign_C,4241,622,173,902.2516483376464,49710.0010776332,0.6377270827274795,4267.247805101417,0.14666352275406744,0.27813504823151125,5.215327447038419,55.09549488684381
Campaign_A,1545,621,44,6007.398492423635,1542.849077121174,0.4503181351131023,1815.2141187282114,0.40194174757281553,0.07085346215780998,136.53178391871896,0.25682482676435947
Campaign_B,5346,882,203,4802.6551675423025,36778.499212223156,0.810631762554312,1343.9167169739546,0.16498316498316498,0.23015873015873015,23.658399840109865,7.657951264288684
Campaign_B,4810,372,200,9513.071753922255,29017.676480863043,0.40692802069948286,4735.662935252776,0.07733887733887734,0.5376344086021505,47.56535876961127,3.050295134050577
Campaign_B,8206,1035,113,1075.746623291643,22268.55662796688,0.7544667838363266,3645.202326825649,0.12612722398245185,0.10917874396135266,9.519881622049937,20.700559170548942
Campaign_C,3032,1525,32,7011.255762737054,7250.938553997173,0.5005754897151798,1137.4265602103403,0.5029683377308707,0.02098360655737705,219.10174258553295,1.03418542973913
Campaign_A,9436,282,274,737.1791101405431,21045.172283108936,0.5278222254179272,2272.9627937467612,0.029885544722339976,0.9716312056737588,2.6904347085421283,28.548248307113145
Campaign_C,1271,1788,299,2128.624678750156,18364.48196632063,0.749597599252022,3992.4362592121565,1.4067663257277734,0.16722595078299776,7.1191460827764415,8.627393147158063
Campaign_C,4511,587,269,4809.000499266925,15838.664559958368,0.9461189061805989,2757.9618050462886,0.13012635779206386,0.45826235093696766,17.877325276085223,3.2935460419213483
Campaign_B,2771,1950,84,4821.288206627248,36813.10154278818,0.8277446189899028,3267.262885921151,0.7037170696499458,0.043076923076923075,57.3962881741339,7.6355322405712265
Campaign_C,5361,945,81,7014.155157869617,35335.550542928926,0.5242117977228656,3781.152600123009,0.17627308337996642,0.08571428571428572,86.59450812184713,5.037748630821742
Campaign_B,8069,223,268,9147.023831243689,29861.984458064668,0.4968136152726236,3128.945484604454,0.027636634031478497,1.201793721973094,34.13068593747645,3.2646667384930645
Campaign_A,1920,1084,197,6570.805509691748,46994.57585137524,0.8764280786472187,2723.392643514869,0.5645833333333333,0.18173431734317344,33.354342688790595,7.152026609532058
Campaign_B,9190,1749,182,9558.583429589333,18142.86482486187,0.6443011713568274,3760.5907077194784,0.19031556039173014,0.10405946255002858,52.51968917356776,1.8980704576683645
Campaign_A,4430,889,299,8875.348578840978,12946.294947798799,0.4753790415554855,3651.4370253893935,0.20067720090293453,0.3363329583802025,29.683440063013304,1.458680167071189
Campaign_B,5435,513,54,6052.748057542507,33139.26234182158,0.8742162828270659,3167.8683809067356,0.09438822447102116,0.10526315789473684,112.08792699152791,5.475077109896516
Campaign_C,4760,1848,70,8421.02353372886,10741.888985932745,0.8488507941028438,1830.9575962405515,0.38823529411764707,0.03787878787878788,120.30033619612657,1.2756037247619705
Campaign_C,3050,1295,92,6604.487298074523,16435.514851987806,0.9411485001434399,2058.7698563913445,0.4245901639344262,0.07104247104247104,71.78790541385351,2.4885375821344113
Campaign_A,2165,1411,132,1246.299393775408,12005.519563669357,0.9003590276919761,4853.670816976282,0.6517321016166282,0.09355067328136074,9.44166207405612,9.63293380678065
Campaign_A,9567,1558,25,7535.364870965344,4388.524818206561,0.8684846862632979,606.3103648430529,0.1628514685899446,0.016046213093709884,301.41459483861377,0.582390487170179
Campaign_A,3033,785,75,1401.630192039789,41547.43834014799,0.42891591879605173,1379.0993404015348,0.25881965051104516,0.09554140127388536,18.68840256053052,29.64222558568327
Campaign_B,7467,212,154,6143.786415412268,13472.486603161398,0.4574284532239649,2487.388708061462,0.02839158966117584,0.7264150943396226,39.894716983196545,2.1928637638451094
Campaign_B,1145,987,171,7175.081955653174,24178.347663808014,0.7129407568672675,4191.81194641174,0.8620087336244542,0.17325227963525835,41.95954360031096,3.369766061662632
Campaign_A,5388,221,243,1132.0122780031247,3122.4483894612854,0.6923135854550014,860.1945354621529,0.041017074981440235,1.0995475113122173,4.6584867407536,2.7583167162897735
Campaign_C,8832,1667,153,2692.5492123020517,35267.63384637951,0.6518797679692445,1420.9253597168188,0.18874547101449277,0.09178164367126575,17.598360864719293,13.098231848556152
Campaign_B,9623,1345,197,9198.886206485673,17197.48911300825,0.6182341289780213,375.70117808643295,0.1397693027122519,0.14646840148698884,46.6948538400288,1.8695186272532824
Campaign_B,9896,1754,22,6354.987676212515,37492.099663631285,0.6371657666753809,3544.6270669515516,0.17724333063864187,0.012542759407069556,288.86307619147794,5.8996337324097
Campaign_B,9173,138,193,2839.71717870005,21207.74996292544,0.7131138637741374,1229.1367056042998,0.01504415131363785,1.3985507246376812,14.713560511399224,7.468261319119747
Campaign_A,3632,596,120,7061.457825906063,10592.024713875606,0.4011420846800447,1973.940015821205,0.16409691629955947,0.20134228187919462,58.84548188255052,1.4999770550235543
Campaign_A,5494,879,299,6169.375989636052,26145.579031819758,0.5433898257730687,2246.322162796856,0.1599927193301784,0.34015927189988626,20.633364513832948,4.2379616797131145
Campaign_A,9056,1356,224,5264.969149220509,7394.72342223455,0.6850538463787911,4462.003981251955,0.1497349823321555,0.16519174041297935,23.504326559020132,1.404514103055923
Campaign_A,8511,1042,129,9773.776262386795,22586.41883377674,0.7972188542705054,2086.084937139622,0.12242979673363882,0.1238003838771593,75.76570746036275,2.310920388130621
Campaign_A,2828,1653,64,6992.810885371335,16547.968393603842,0.495786180817468,768.8638485804828,0.5845120226308345,0.03871748336358137,109.2626700839271,2.366425842892662
Campaign_C,5805,248,36,4066.69054184517,45686.01962578203,0.7007846455830882,2645.358944783599,0.04272179155900086,0.14516129032258066,112.96362616236584,11.234201165710783
Campaign_C,1806,1520,127,8100.697604730246,3985.5073643152773,0.7929528261371799,4816.642073510717,0.8416389811738649,0.08355263157894736,63.78502050968697,0.49199557356492574
Campaign_A,8486,1121,230,8903.541282751285,35006.85329118136,0.6445452118526476,3058.0439232015146,0.13209992929530992,0.20517395182872436,38.71104905544037,3.931789855234308
Campaign_B,9202,760,240,1689.5953154098986,9954.80713338436,0.41489462351852807,4917.766741279835,0.08259074114322973,0.3157894736842105,7.039980480874577,5.8918292697617405
Campaign_A,2868,1761,62,2405.253289530032,16633.20864227975,0.6470974871561002,4213.4811792474065,0.6140167364016736,0.03520726859738785,38.794407895645676,6.915366757706318
Campaign_C,8878,401,242,2554.156586713907,21360.189090041233,0.5630446882592842,228.03049325639338,0.04516783059247578,0.6034912718204489,10.554366060801268,8.362912908766702
Campaign_C,6690,1483,167,7066.512189172134,45492.739379373736,0.9113072842357305,3309.077997116357,0.22167414050822123,0.11260957518543493,42.31444424653972,6.437792529259525
Campaign_B,8827,337,278,6228.875773006192,12886.335037617433,0.46853736212308006,1469.496043911524,0.038178316528831996,0.8249258160237388,22.406027960453926,2.068805914136606
Campaign_C,6429,746,30,6380.419864636588,5474.131324688841,0.7588617755289777,2820.103435441383,0.11603670866386685,0.040214477211796246,212.68066215455292,0.8579578524336868
Campaign_A,4564,762,62,9437.34634705026,16615.790595535655,0.42899587148397567,1432.7586951095716,0.16695880806310254,0.08136482939632546,152.21526366210097,1.760642238242013
Campaign_B,2389,335,284,7871.159561669407,6129.122556241134,0.6453937407969831,1776.9085621961874,0.14022603599832567,0.8477611940298507,27.715350569258476,0.7786810200225693
Campaign_A,8274,1859,290,1715.4007828619401,7301.227812067073,0.7046887179710444,4619.685123183188,0.22467971960357747,0.15599784830554062,5.9151751133170345,4.256281030655618
Campaign_A,1824,302,223,3801.3172830392195,29118.679300776308,0.5638752122242761,1072.8837652139414,0.16557017543859648,0.7384105960264901,17.0462658432252,7.660154923320532
Campaign_B,3265,355,40,4636.239638669488,3984.194721875173,0.6502915995362114,4376.840134227861,0.10872894333843798,0.11267605633802817,115.9059909667372,0.8593590996988586
Campaign_A,1936,697,192,4261.635093102246,2515.6131882847358,0.48995458699160305,200.7661499489592,0.3600206611570248,0.27546628407460544,22.196016109907532,0.5902929587651536
Campaign_C,7402,761,32,6858.431787037852,36006.29097205439,0.5672681172074199,499.83886492975944,0.10281005133747635,0.04204993429697766,214.32599334493287,5.249930609516999
Campaign_A,4845,334,41,8972.984480937344,18720.70764721118,0.7416084787006116,4280.641454852104,0.06893704850361197,0.12275449101796407,218.85328002286207,2.086341248776523
Campaign_B,2796,1468,83,3407.488903466486,7143.392112459791,0.5659900307236353,3171.252353000517,0.525035765379113,0.05653950953678474,41.054083174295016,2.096380154075548
Campaign_B,9245,633,19,5742.832796001264,13427.025772125704,0.8948586931248794,3748.8188832957735,0.06846944294213088,0.030015797788309637,302.25435768427707,2.338049225719221
Campaign_B,8214,959,63,7999.389508179063,32462.238860267553,0.7456238267025443,1086.6174705681785,0.11675188702215729,0.06569343065693431,126.9744366377629,4.058089536342265
Campaign_A,1726,1920,61,4454.071559030819,14501.291789901708,0.6412569601397915,2708.5631051710125,1.1123986095017382,0.03177083333333333,73.01756654148883,3.2557383952441725
Campaign_B,3736,1904,157,2097.1222197933107,25231.53513089999,0.4213163145548004,3699.2351566779585,0.5096359743040685,0.08245798319327731,13.35746636811026,12.031504360001856
Campaign_B,2913,1589,169,5012.034170005609,6963.070029606942,0.6747515843625691,3155.2049782007994,0.5454857535187092,0.10635619886721208,29.65700692311011,1.389270263015615
Campaign_A,8657,869,23,1024.6139470587705,29816.5882426669,0.820626933168799,2384.908896111487,0.10038119440914867,0.026467203682393557,44.54843248081611,29.100314638755023
Campaign_C,3466,640,187,9452.64281302163,16487.80650831994,0.5460566789068275,4800.929742866688,0.18465089440276977,0.2921875,50.548892048244014,1.7442536266796111
Campaign_A,8312,312,62,1210.8014493522437,31721.45329190711,0.8437254633068221,3396.9788005945543,0.03753609239653513,0.1987179487179487,19.529055634713608,26.198724249031496
Campaign_B,9194,562,31,4665.338794880493,40611.34923289712,0.5384937213279848,4543.366461194128,0.06112682184033065,0.05516014234875445,150.4947998348546,8.704908907679323
Campaign_B,8906,535,39,5533.871980340999,30970.67455010963,0.8530605133729402,3662.364032289722,0.06007186166629239,0.07289719626168224,141.8941533420769,5.596565056100414
Campaign_A,5876,382,200,9860.386406729212,15491.630567156013,0.4468975878864226,3690.5444665585314,0.06501021102791014,0.5235602094240838,49.30193203364606,1.5710977164732371
Campaign_C,8287,1685,269,2077.2073246071777,13531.44137586672,0.8764010398779662,446.09043530051275,0.2033305176782913,0.15964391691394658,7.721960314524824,6.514246900427072
Campaign_B,1892,1730,214,1587.0994268174063,17043.626977938955,0.6745525480133318,1829.3498781770206,0.9143763213530656,0.12369942196531791,7.416352461763581,10.738852708249262
Campaign_B,5675,1586,68,582.708397094164,9066.405148588738,0.5630956742911442,4298.92856326231,0.2794713656387665,0.04287515762925599,8.569241133737705,15.559077565727328
Campaign_B,2933,1530,273,1977.9286502583718,9877.420691650983,0.5458122877283318,1201.389117636342,0.5216501875213092,0.1784313725490196,7.245159891056307,4.993820525508198
Campaign_A,2380,187,21,2469.0933011428424,39743.86399310823,0.6376058074116995,621.7540374745076,0.07857142857142857,0.11229946524064172,117.5758714829925,16.096541987584033
Campaign_B,2290,1167,128,6490.518945039377,19851.896248864803,0.9494772239570047,1664.2249803620275,0.5096069868995633,0.10968294772922023,50.707179258120135,3.0585992301952003
Campaign_C,2640,560,299,2587.214508718304,22363.763847958708,0.5211800663906704,1141.167530218439,0.21212121212121213,0.5339285714285714,8.652891333506034,8.64395424986915
Campaign_B,8490,377,257,694.9477399285895,30108.423812773748,0.4567691568834498,4630.176564226118,0.044405182567726735,0.6816976127320955,2.7040768090606595,43.32473088676796
Campaign_B,2218,1806,136,8352.874282273642,29893.021262425835,0.7217693427952641,4346.434877910549,0.8142470694319206,0.0753045404208195,61.418193252012074,3.5787706425636507
Campaign_C,6016,520,84,3973.1591595376844,4301.466704574361,0.6686983565421414,2523.431989900376,0.08643617021276596,0.16153846153846155,47.29951380402005,1.082631360047222
Campaign_B,7881,1824,213,3860.1185225169725,41745.498530545614,0.688307949084819,353.6521786951467,0.23144271031594976,0.11677631578947369,18.122622171441186,10.814563927774335
Campaign_A,1954,1476,58,3373.5507770953022,9689.001107973032,0.7668144796564693,3587.0836131611236,0.7553735926305015,0.03929539295392954,58.16466857060866,2.872048398902555
Campaign_A,8291,795,88,9766.046132890999,36430.51016643377,0.5469292384288571,3135.88807011451,0.09588710650102521,0.11069182389937107,110.97779696467045,3.7303233745476287
Campaign_A,1974,614,250,2116.096464438174,38860.87841828016,0.9008657474611386,4854.245620106055,0.3110435663627153,0.40716612377850164,8.464385857752696,18.36441725193174
Campaign_C,5133,802,163,9033.261607555734,36030.07717047437,0.6396196363672597,2816.818539338366,0.15624391194233392,0.20324189526184538,55.41878286844009,3.9886010984490428
Campaign_B,6370,1753,283,7879.631655328935,29369.904681153115,0.470997407328354,1715.1489308444015,0.27519623233908946,0.16143753565316601,27.843221396922033,3.727319494851066
Campaign_A,4972,118,105,1226.5595772434742,1715.8408583352602,0.8082643162036693,2619.157383213851,0.023732904263877714,0.8898305084745762,11.681519783271183,1.398905434492941
Campaign_C,6295,122,223,9873.926464258062,18658.399125795364,0.7537073939398176,4897.353292452356,0.019380460683081812,1.8278688524590163,44.27769714913929,1.8896635693344084
Campaign_B,9228,512,218,3077.9766536206002,30637.13203876648,0.5736588713662204,3496.994041038501,0.055483311660164715,0.42578125,14.119158961562386,9.953659655841852
Campaign_C,4020,1153,97,1436.5378067129172,19985.113500204396,0.7418352982187266,3376.2818827389033,0.28681592039800996,0.08412836079791847,14.809668110442447,13.91199967506201
Campaign_A,9987,1930,273,8378.485224194716,43310.51485072784,0.5209240760029373,1241.3738691431327,0.19325122659457294,0.14145077720207253,30.690422066647308,5.169253593198353
Campaign_A,5036,207,166,7213.4175699381485,16131.311492131152,0.6446616476372913,3730.8324619250575,0.04110405083399524,0.8019323671497585,43.45432271047078,2.2362924835182487
Campaign_A,6068,1490,165,6363.578655840058,15383.20483047436,0.8946768871920289,3763.84555588527,0.24555042847725775,0.11073825503355705,38.56714336872762,2.4173826807902667
Campaign_C,6233,1404,148,1981.818205139865,14033.88696154024,0.4734438282384122,1620.5804696907312,0.22525268730948178,0.10541310541310542,13.390663548242332,7.081319025702365
Campaign_C,1317,1251,130,5045.713104431638,17306.262579078983,0.6126830474931041,2444.3834703340303,0.9498861047835991,0.10391686650679456,38.81317772639722,3.429894292618209
Campaign_A,3396,1352,74,7915.282255428531,28312.84325139517,0.851628333596191,1508.2864980552574,0.39811542991755006,0.05473372781065089,106.96327372200717,3.576984665578716
Campaign_C,3162,1234,116,3384.4274123664823,35643.74941935695,0.933219994673398,1330.590098105219,0.3902593295382669,0.0940032414910859,29.176098382469675,10.53169268429778
Campaign_A,3745,235,156,3461.053370892894,33465.82796920047,0.6496593750319878,178.18554773495148,0.06275033377837116,0.6638297872340425,22.18623955700573,9.66926088185888
Campaign_A,2591,461,146,529.8386074571602,40578.173179092504,0.6788497910788411,1461.7981360339938,0.17792358162871477,0.31670281995661603,3.6290315579257544,76.58591240422855
Campaign_B,7183,1309,171,2155.312315631106,44409.78577937382,0.7146945789810734,2792.1512518974605,0.18223583460949463,0.1306340718105424,12.604165588486,20.604803052113592
Campaign_C,4930,1779,109,8816.353438657427,40987.87307482421,0.9127914778985409,57.92587836769269,0.36085192697768764,0.06127037661607645,80.88397650144428,4.649073265949503
Campaign_A,2312,1707,150,4696.591670558218,1928.324765343374,0.8720137350373663,1451.9344648578538,0.7383217993079585,0.08787346221441125,31.310611137054785,0.4105796076400615
Campaign_A,5311,228,92,9850.227742727122,37059.97972404745,0.4938306185419044,4412.981145000088,0.04292976840519676,0.40350877192982454,107.06769285572959,3.7623475001794295
Campaign_C,8314,1999,186,4259.225653951029,11211.579107298248,0.6402167998158912,2988.5604962814364,0.2404378157324994,0.09304652326163082,22.899062655650695,2.6323045591392735
Campaign_B,3383,1384,207,7294.271320412292,7513.474092691149,0.6552002355080344,3058.9209792008533,0.4091043452556902,0.1495664739884393,35.23802570247484,1.0300513598480276
Campaign_B,4239,614,121,3178.230907594927,32285.95045515764,0.8340028614068162,2046.6533098804484,0.14484548242510026,0.1970684039087948,26.266371137148155,10.158465949722165
Campaign_A,3139,548,65,3956.1915908388683,16667.41657497705,0.7315910854329895,3398.5371102874346,0.1745778910481045,0.11861313868613138,60.864486012905665,4.212995299209688
Campaign_C,2704,1227,188,2311.8968821134995,3798.7410051517195,0.7598212541159571,990.1671928402778,0.45377218934911245,0.1532192339038305,12.297323841029252,1.6431273533614401
Campaign_B,7924,1606,195,3797.0925007442524,7743.856985519706,0.9490099492160896,4102.796711401748,0.2026754164563352,0.12141967621419676,19.47226923458591,2.039417523803243
Campaign_C,1362,1347,227,5698.75644399611,1045.541426628092,0.4412280239085072,627.6111436827041,0.9889867841409692,0.16852264291017074,25.104653938308854,0.18346834733209486
Campaign_C,3604,1955,226,9921.842369302869,45257.957739890655,0.5226554029435532,3297.2067055328907,0.5424528301886793,0.11560102301790282,43.901957386295884,4.561446962704627
Campaign_A,5286,973,129,6809.916274181964,2206.281208220691,0.6243427655543508,1738.689162807431,0.18407113129020053,0.13257965056526208,52.79004863706949,0.323980665751389
Campaign_B,4738,1989,184,2392.836566878984,11263.332705966042,0.5912803216768879,3750.18920438326,0.41979738286196705,0.09250879839115134,13.004546559124913,4.707104890434282
Campaign_A,3469,1614,32,927.1336951197358,21396.876253707458,0.411905058740841,2771.334528766799,0.46526376477371,0.01982651796778191,28.972927972491743,23.078522942631412
Campaign_B,5795,572,222,1700.3865724878508,18471.994971590135,0.45047768355914675,2289.1475404696453,0.09870578084555652,0.3881118881118881,7.659398975170499,10.863409103827252
Campaign_B,7150,1133,244,5844.27441209395,45674.56796872601,0.7745243102719669,888.6408903615726,0.15846153846153846,0.21535745807590467,23.951944311860448,7.815267516222127
Campaign_B,1556,1528,22,7769.02312375928,2974.1583409925634,0.8836284548494083,3202.2662482075466,0.9820051413881749,0.014397905759162303,353.1374147163309,0.3828226912978251
Campaign_B,3808,401,110,9433.982469357095,26098.520676175525,0.6828248561962876,4875.110724931044,0.1053046218487395,0.2743142144638404,85.76347699415541,2.766437266652466
Campaign_B,6150,330,33,650.3201339697978,34343.493663694324,0.6965550937324981,4136.736953289725,0.05365853658536585,0.1,19.70667072635751,52.810134378046655
Campaign_C,8561,1854,20,5466.221344837763,46653.20071037727,0.5403013880578087,347.0405533156084,0.21656348557411517,0.010787486515641856,273.31106724188817,8.534817338568995
Campaign_A,3719,1022,282,4973.239884120179,31398.191354062328,0.8223319999985412,1912.335422887896,0.2748050551223447,0.2759295499021526,17.635602425958083,6.313427883162932
Campaign_C,7506,1189,290,6732.522708769187,40384.006564576375,0.8134870230519909,4631.635895491845,0.15840660804689582,0.24390243902439024,23.215595547479957,5.9983468770147255
Campaign_B,4741,1036,103,5815.999117420749,5102.521954422072,0.7236011290697111,2540.066550407256,0.21851929972579626,0.09942084942084942,56.466010848745135,0.8773250909097307
Campaign_A,4998,211,210,7026.871930533565,19911.03603590944,0.5169653575812385,3327.4535377504867,0.04221688675470188,0.995260663507109,33.461294907302694,2.8335561303445522
Campaign_B,3403,1136,30,6751.784555117309,19323.409589474304,0.4533600200303992,4567.366760677382,0.33382309726711723,0.02640845070422535,225.05948517057695,2.8619707029645545
Campaign_A,9780,1516,220,1611.611386150489,44428.122606330166,0.4353312167214193,4375.283717578409,0.15501022494887526,0.14511873350923482,7.32550630068404,27.567515958330144
Campaign_C,1294,599,149,8097.320179377836,8417.187391900472,0.7259828366535828,2534.010858925529,0.46290571870170016,0.24874791318864775,54.34443073407944,1.0395028485272535
Campaign_A,6343,1031,110,1670.709469305086,8442.422444494883,0.85376942552854,2216.34919815513,0.1625413842030585,0.1066925315227934,15.188267902773509,5.053196022170401
Campaign_A,2136,697,37,7136.040939486803,17099.349344404123,0.8720817374795087,1731.478461473956,0.32631086142322097,0.05308464849354376,192.86597133748117,2.3961955220556574
Campaign_A,3064,333,50,4453.380992585764,3668.8363209750414,0.6549921408888975,3609.146243656311,0.10868146214099217,0.15015015015015015,89.06761985171528,0.8238316746496929
Campaign_A,8009,701,155,5381.58197847768,9940.443991972012,0.8313492146186943,1470.584657384139,0.08752653265076789,0.2211126961483595,34.71988373211407,1.847123026598198
Campaign_A,5543,413,265,9081.33113656925,48295.27228874102,0.9207841079875629,1286.9436518329558,0.07450838895904745,0.6416464891041163,34.26917410026132,5.31808295088621
Campaign_B,2007,665,236,8953.895401498123,21981.013053491468,0.5513435618684375,1813.4369782887115,0.33134030891878424,0.3548872180451128,37.94023475211069,2.454910635857295
Campaign_A,6445,1135,245,8269.634903722781,31968.941212699385,0.6188781905094165,927.2145315500205,0.1761055081458495,0.21585903083700442,33.75361185192972,3.86582256470691
Campaign_A,6352,308,22,5346.409614335071,36579.45170788721,0.9123134459281743,3490.843088931548,0.04848866498740554,0.07142857142857142,243.01861883341232,6.841872274396725
Campaign_C,2435,1137,219,7494.278196271414,18981.108943352825,0.5860270320245067,3100.3912141865308,0.4669404517453799,0.19261213720316622,34.22044838480098,2.532746776440243
Campaign_A,1571,1756,238,5372.522027428689,8214.126646115332,0.902631959676988,2440.2487438734256,1.117759388924252,0.13553530751708429,22.57362196398609,1.5289144659024592
Campaign_C,3382,1541,109,8761.257783510386,11122.46979486726,0.9395746742399561,1982.1126073446956,0.4556475458308693,0.07073329007138222,80.37851177532464,1.269506053776996
Campaign_B,6084,1560,40,4326.3704157125485,16350.057352449907,0.7639959007159336,4549.859587338821,0.2564102564102564,0.02564102564102564,108.1592603928137,3.7791626193332015
Campaign_A,1277,1500,25,9717.23577194133,32167.352597259058,0.8492896592272925,194.16273569607117,1.1746280344557556,0.016666666666666666,388.6894308776532,3.31033982834324
Campaign_C,8059,1143,146,9357.066203174336,20515.746905363667,0.8122500603215969,3857.0833303611307,0.1418290110435538,0.12773403324584426,64.08949454228997,2.19254053139047
Campaign_C,2887,686,175,7545.224884791963,1333.9201971062778,0.7847438416885381,4514.452380156999,0.23761690335988916,0.25510204081632654,43.115570770239785,0.1767899853846512
Campaign_B,2265,1878,109,3154.450899672684,26646.95206830612,0.5688120901396779,2259.4551681781336,0.8291390728476821,0.058040468583599576,28.939916510758568,8.447413802215497
Campaign_A,8491,1858,118,1750.7090935359547,46154.15620346348,0.43140188584936906,2775.9179327797015,0.21881992698150984,0.06350914962325081,14.836517741830125,26.36312130546182
Campaign_A,2040,1114,182,8619.682775885376,40791.80293942527,0.5886784528858078,4725.095255016088,0.546078431372549,0.16337522441651706,47.36089437299657,4.732401876034854
Campaign_C,9073,1193,246,2070.371718310632,41435.35719172192,0.7668147918621486,1100.7737006632963,0.1314890333957897,0.20620284995808885,8.416145196384683,20.013486865794356
Campaign_A,3752,1947,171,8615.47749547469,39957.842862700425,0.45639105902529076,2624.6674965341904,0.5189232409381663,0.08782742681047766,50.38290933026134,4.637913903633133
Campaign_C,9213,1334,225,5162.267563767425,16862.81045491076,0.4065548906380332,2399.869579284654,0.144795397807446,0.1686656671664168,22.94341139452189,3.2665510352981926
Campaign_A,5569,1224,273,4362.28944617699,38494.49785396521,0.4768308049316163,1329.043606958332,0.2197881127671036,0.22303921568627452,15.979082220428536,8.82437956694985
Campaign_C,7353,797,272,9080.312398927077,8014.906532748457,0.7936547595259373,4102.036490346884,0.10839113287093703,0.34127979924717694,33.383501466643665,0.8826685889899
Campaign_A,3353,231,283,6236.58433413264,33228.09121652172,0.9350365359110442,4503.022944078018,0.06889352818371608,1.225108225108225,22.037400473966926,5.327931033444921
Campaign_B,8437,1746,12,5977.833067732319,32436.859767564725,0.9406855847881512,3920.566269951634,0.20694559677610525,0.006872852233676976,498.15275564435996,5.426190293378265
Campaign_A,5799,1504,37,5808.276473931778,2252.920155396999,0.6716885320271033,1017.0268562006115,0.2593550612174513,0.024601063829787235,156.98044524139942,0.387881011778342
Campaign_A,1686,1255,158,4026.1104021855485,39610.53654595565,0.8781437655457911,479.40574573183875,0.7443653618030842,0.1258964143426295,25.48171140623765,9.838412907021457
Campaign_B,9476,1143,37,7963.609483526709,45259.1571496614,0.8052545506633273,3046.9502022614447,0.12062051498522583,0.03237095363079615,215.2326887439651,5.683246678944162
Campaign_A,5811,635,74,2901.5852181498435,14103.348645133276,0.6755721303415319,332.6190645239255,0.10927551196007572,0.11653543307086614,39.21061105607897,4.860566753964264
Campaign_B,9954,1113,30,9419.502120392113,40807.14548512139,0.7150182931252977,3380.4881483625168,0.11181434599156118,0.026954177897574125,313.98340401307047,4.332197706795854
Campaign_A,6346,326,261,8992.859447946128,5037.892621235462,0.4754749306392791,2675.599890619851,0.051370942325874566,0.8006134969325154,34.45540018370164,0.5602103146831747
Campaign_C,6043,1277,244,3706.0630939115326,30398.425054792235,0.9157138033391256,3330.7893770811347,0.21131888135032267,0.19107282693813626,15.188783171768577,8.202349578109443
Campaign_C,3428,1928,236,7429.9058134008055,24796.69640137958,0.5935613739024772,2971.345329566233,0.5624270711785297,0.12240663900414937,31.482651751698327,3.3374173272365715
Campaign_A,6126,1865,22,5945.620347271119,27750.253132141,0.6453820910514432,2142.3777191595054,0.30444009141364675,0.011796246648793566,270.2554703305054,4.667343609465012
Campaign_A,9220,1592,58,3707.6683689927286,46384.05489233291,0.7694131270488442,1044.3420416941299,0.17266811279826463,0.0364321608040201,63.925316706771184,12.510303046584013
Campaign_A,8813,921,127,9890.955655956745,43694.44711509582,0.5836463593396046,1563.2255722619184,0.10450470895268353,0.13789359391965256,77.8815405980846,4.417616318882312
Campaign_C,4356,970,63,739.7547855585099,39469.0992047481,0.5398425385439118,2646.2778423839336,0.22268135904499542,0.06494845360824743,11.742139453309681,53.354300607800994
Campaign_A,9707,504,147,2900.1372909022234,14411.224426240178,0.7470771662986213,3276.747063555649,0.05192129391161018,0.2916666666666667,19.72882510817839,4.969152485107659
Campaign_C,8266,301,62,5440.703580555929,45679.11280561849,0.4137412452550172,3908.4409335784158,0.03641422695378659,0.2059800664451827,87.7532835573537,8.395809867103809
Campaign_B,7540,137,53,5458.553533046357,5777.876930729887,0.7963988116146734,3847.4950563228513,0.01816976127320955,0.38686131386861317,102.99157609521428,1.058499636533805
Campaign_C,1038,1041,62,6094.864211982859,42813.1316113806,0.6827128534320803,4864.809279142372,1.0028901734104045,0.059558117195004805,98.3042614835945,7.024460286942486
Campaign_C,4342,1895,83,7640.923634217733,17079.84354532678,0.733164551786514,1464.9151708838767,0.43643482266236755,0.043799472295514515,92.05932089418955,2.2353113789594095
Campaign_B,3844,287,55,6423.039389933316,3634.843271437185,0.7475340875857868,401.99800565651213,0.07466181061394381,0.1916376306620209,116.78253436242392,0.5659070497269553
Campaign_C,2098,1180,22,6202.673875016351,33798.49222779667,0.6898775860709101,1761.0018309322033,0.5624404194470924,0.01864406779661017,281.93972159165236,5.44901971453522
Campaign_A,8027,1040,174,1008.3873976739112,12332.716487481817,0.7203935775924049,3729.3076523591794,0.12956272580042358,0.1673076923076923,5.795329871689145,12.230137460989896
Campaign_A,2823,1143,111,4077.037733998334,12934.985167366964,0.776083510489431,2218.6526726148113,0.40488841657810837,0.09711286089238845,36.730069675660665,3.17264298524941
Campaign_C,4155,372,289,2704.529527160982,15996.311145209802,0.8142153659488207,4098.052731417626,0.08953068592057761,0.7768817204301075,9.358233657996477,5.9146372722362415
Campaign_A,4093,1242,267,3021.0160602187666,4120.55360762332,0.8000988152073663,2769.165507670774,0.30344490593696555,0.21497584541062803,11.314666892205118,1.3639628275676663
Campaign_C,6658,682,147,5766.206006233276,9679.230065714448,0.878289051752744,4652.46902702099,0.10243316311204566,0.2155425219941349,39.225891198865824,1.6786132953368624
Campaign_A,4778,615,172,2395.30049183128,1251.8417516924549,0.5041938882420716,4741.924037895391,0.1287149434910004,0.27967479674796747,13.92616565018186,0.5226240949566139
Campaign_A,3896,1344,120,3292.5164596605264,22825.066534183552,0.6206313832204886,393.0573047928061,0.34496919917864477,0.08928571428571429,27.43763716383772,6.932407723342687
Campaign_C,1988,625,111,2752.304730914731,5128.513493480593,0.9212878363079514,2309.2465265765004,0.31438631790744465,0.1776,24.79553811634893,1.863352351894598
Campaign_A,5116,1638,26,9510.77796057285,34449.97764716575,0.6181248159124814,3067.9608531853614,0.3201720093823299,0.015873015873015872,365.799152329725,3.6222039658563085
Campaign_C,7446,1851,277,9474.324455625405,12545.519708390771,0.46867854229825745,1316.5690770204533,0.24858984689766317,0.1496488384656942,34.20333738492926,1.32415981394239
Campaign_A,5179,1864,191,6294.444806662491,47235.13305772368,0.6889948194991987,2065.030057925952,0.35991504151380577,0.10246781115879829,32.955208411845504,7.504257247235949
Campaign_A,2682,435,33,9282.963452953049,43691.32974253398,0.4602200349049542,3404.5236285326064,0.1621923937360179,0.07586206896551724,281.30192281675903,4.706614430183404
Campaign_B,6626,797,38,7965.220131949545,15182.603853442204,0.5115692813003259,1172.334423146889,0.12028373075762148,0.04767879548306148,209.6110561039354,1.906112273349833
Campaign_B,8424,1178,180,6104.504886617183,39377.55727817726,0.9490753161140262,3029.8076972235394,0.13983855650522317,0.15280135823429541,33.913916036762124,6.450573471487279
Campaign_C,1933,599,237,561.1345092195593,40359.00032857551,0.6977494511178726,3502.366749413315,0.3098810139679255,0.39565943238731216,2.367656157044554,71.92393207950776
Campaign_B,4598,999,197,7838.904717754338,49341.59259160611,0.5562321139722359,497.95673992454044,0.21726837755545889,0.1971971971971972,39.7913945063672,6.294449845761274
Campaign_C,2980,865,239,7173.639245090454,30294.15935543856,0.9471262250156482,2512.7701143358913,0.2902684563758389,0.27630057803468205,30.015226966905665,4.222983386873196
Campaign_B,4056,635,128,6344.9097061829325,5016.3209975394475,0.9316074052053287,1352.2461481247444,0.15655818540433925,0.2015748031496063,49.56960707955416,0.7906055767273074
Campaign_A,9984,261,165,7724.030960983481,32695.024217392667,0.642406472596345,3635.712462190321,0.026141826923076924,0.632183908045977,46.81230885444534,4.232896577259408
Campaign_C,1791,1793,281,5372.760565360274,31624.007670425726,0.5432217098333496,988.2997672578554,1.0011166945840313,0.15672058003346348,19.120144360712718,5.885988643215326
Campaign_C,6390,693,184,7188.791077552722,32279.17829360116,0.8611198009507044,4466.577681913626,0.10845070422535211,0.26551226551226553,39.069516725830006,4.490209542240578
Campaign_A,7635,258,113,9384.134823901686,16050.136757106364,0.7935913943344821,2183.159615765718,0.03379174852652259,0.437984496124031,83.04544091948395,1.7103480564053877
Campaign_C,3255,1311,101,4070.1476505378196,43124.29966893631,0.7778177892519307,1030.1150000223897,0.40276497695852537,0.07704042715484363,40.29849158948336,10.595266651625764
Campaign_C,4610,159,195,7227.157431555941,48014.13696481518,0.8912125577273599,2218.20789193413,0.034490238611713665,1.2264150943396226,37.06234580285098,6.64357147599567
Campaign_B,2607,1014,292,5019.034271104108,11667.913135929424,0.7791794236292285,2073.281625902213,0.38895281933256615,0.2879684418145957,17.18847353117845,2.3247327086616343
Campaign_C,6179,1940,190,6906.796692232824,5319.455748695578,0.556088868672852,2173.148849493866,0.3139666612720505,0.0979381443298969,36.35156153806749,0.7701769699805524
Campaign_A,7573,1442,179,7747.486687766459,10532.21662525572,0.7816247390316527,2948.528402812362,0.19041331044500198,0.12413314840499307,43.28204853500815,1.3594365566173148
Campaign_B,1984,310,196,931.7987541400616,41207.05482353022,0.5681974312060152,2629.8099383220106,0.15625,0.632258064516129,4.754075276224804,44.223127193982336
Campaign_B,6776,505,184,6642.704217512288,34155.58710617253,0.8175814388113473,791.3968018204682,0.07452774498229044,0.36435643564356435,36.10165335604504,5.141819654731503
Campaign_A,4676,763,231,2654.0412518659737,32166.319774617205,0.7408613199703613,374.61640960084975,0.1631736526946108,0.30275229357798167,11.489356068683868,12.119751248026784
Campaign_A,4380,1232,242,6865.309109171884,20687.8636203618,0.44257635359161285,3660.6064711963754,0.28127853881278536,0.19642857142857142,28.369045905668944,3.013391428031015
Campaign_B,9711,1199,171,4949.136766371228,29313.57060406035,0.6820594493393282,2820.6013078451515,0.12346823190196685,0.14261884904086738,28.942320271176772,5.922966365213917
Campaign_C,9782,641,143,7848.751047716429,16085.832138444004,0.5888155330576575,1827.0538019923554,0.06552852177468821,0.22308892355694226,54.88637096305195,2.0494766671347193
Campaign_B,2050,1437,233,1672.3077444531662,24382.803891480104,0.5807138480027618,4051.3712213654658,0.7009756097560975,0.16214335421016005,7.177286456880541,14.580333059124309
Campaign_A,4633,1097,162,6450.0623407338535,39860.08839016214,0.7312409663074915,1970.889447591737,0.23677962443341247,0.14767547857793983,39.81519963415959,6.179798935963009
Campaign_B,7342,1240,42,3145.471924811747,49080.83827531764,0.5772786534581837,3990.027193523007,0.1688913102696813,0.03387096774193549,74.89218868599399,15.603648498072374
Campaign_A,1959,1026,64,8603.32895564062,46691.95725590029,0.8272915615126799,1563.4928311862548,0.5237366003062787,0.06237816764132553,134.42701493188468,5.427196553409426
Campaign_B,7059,967,16,9319.64330354492,46759.43119946619,0.43893528980614593,410.58422284873876,0.13698824196061765,0.016546018614270942,582.4777064715576,5.01729837467924
Campaign_C,9884,1827,253,9965.783789951027,20708.963007508508,0.7632135388177039,4666.566484309649,0.1848441926345609,0.1384783798576902,39.39044976265228,2.078006451272838
Campaign_B,6655,118,135,8062.070323059192,23970.704144832755,0.8450571420112076,2003.0280899427971,0.017731029301277235,1.1440677966101696,59.71903943006809,2.9732690468193477
Campaign_B,5473,531,21,7660.473669066043,35576.1344220801,0.7700574294562366,3973.8282356044206,0.0970217431025032,0.03954802259887006,364.78446043171635,4.644116794727852
Campaign_A,3946,1808,25,2547.257209241735,46187.40447451293,0.6734760572609977,1431.763459450407,0.4581855043081602,0.013827433628318585,101.89028836966939,18.132210719412175
Campaign_A,8725,839,217,3692.067060406033,7957.718708252148,0.9226688575548996,3249.5073050120973,0.09616045845272206,0.2586412395709178,17.01413391892181,2.1553559504894264
Campaign_A,1526,1473,52,4923.984146741655,15907.851327532591,0.564966169388935,4372.888822625755,0.9652686762778506,0.035302104548540394,94.69200282195492,3.2306869505376623
Campaign_B,4224,282,144,7847.119953931372,7823.095385111366,0.4105423381387378,256.1379105829026,0.06676136363636363,0.5106382978723404,54.49388856896786,0.9969384221267104
Campaign_C,2875,212,237,9192.175718240702,30988.41796801331,0.6375941543048924,4161.647035196142,0.07373913043478261,1.1179245283018868,38.78555155375823,3.37117336720628
Campaign_A,2763,1306,120,2296.8214502183537,16008.74884748934,0.41815656474518,2878.098374611047,0.47267462902642055,0.09188361408882083,19.140178751819615,6.969957915521655
Campaign_A,9712,580,169,9262.491104365978,16979.284773116102,0.9246652138895247,3056.9851818474176,0.05971993410214168,0.2913793103448276,54.807639670804605,1.8331229236066664
Campaign_B,6797,1269,273,7108.434197363551,4474.882014910983,0.5154549251614283,2639.632103989614,0.1867000147123731,0.21513002364066194,26.038220503163192,0.6295172594508469
Campaign_A,8099,930,234,6302.3219415078665,18140.007028572003,0.8339098631718838,4378.65176125403,0.11482899123348561,0.25161290322580643,26.932999750033616,2.878305360616329
Campaign_C,6109,1751,226,2398.4920771784255,43262.328862677685,0.8260146457459007,264.9951183164054,0.28662628908168275,0.12906910336950314,10.612796801674449,18.037303218266736
Campaign_C,7644,1236,54,1027.4878116869304,12420.567782650913,0.5197508948256134,1342.0905381024481,0.16169544740973313,0.043689320388349516,19.02755206827649,12.088287219931898
Campaign_A,1116,862,223,5900.4165358254295,35064.18584429322,0.741674591764092,4385.024567352819,0.7724014336917563,0.25870069605568446,26.459266976795647,5.942662798701545
Campaign_A,3433,575,68,6689.398991624478,31851.78890199104,0.42644343266754764,3774.111227533182,0.167491989513545,0.11826086956521739,98.37351458271291,4.761532230604178
Campaign_B,6463,862,141,2502.4237688695384,43310.74581008665,0.6659660221371271,137.34354288409895,0.1333745938418691,0.16357308584686775,17.74768630403928,17.307518554162446
Campaign_C,1583,1426,113,5786.3339553418355,7482.109434900874,0.40805591999986773,2609.181101888058,0.9008212255211624,0.07924263674614306,51.20649518001624,1.2930656081461613
Campaign_C,9586,1070,204,8636.68732624445,48901.908056907116,0.906629134099463,2671.3847695277404,0.11162111412476529,0.19065420560747665,42.33670257962965,5.662113980705085
Campaign_A,4788,1948,166,8433.12648182269,29548.803655977914,0.9368473133097643,2034.3665688831563,0.4068504594820384,0.08521560574948665,50.80196675796801,3.5038966532364157
Campaign_B,5167,1119,107,9309.874215569824,49778.2334649939,0.5222555216512219,1522.096993706849,0.21656667311786337,0.09562109025915996,87.00817023897031,5.346821268728297
Campaign_C,9465,1241,235,3975.9151907903642,45664.22156742669,0.514458319028005,3424.5380095410933,0.1311146328578975,0.18936341659951653,16.918788045916443,11.48521016575034
Campaign_C,2389,1936,214,3521.4709392337277,11854.346333542184,0.8145460971091713,1078.5628002885314,0.810380912515697,0.11053719008264463,16.455471678662278,3.3663053133477483
Campaign_B,9357,260,88,7619.5470568176825,3751.938485262342,0.539358669356134,4004.795382254945,0.027786683766164368,0.3384615384615385,86.58576200929184,0.49240964814375016
Campaign_B,7154,500,133,4595.567848421548,13526.315595972716,0.8922921075390147,4025.0339457989853,0.0698909700866648,0.266,34.55314171745525,2.943339330876953
Campaign_C,6420,297,227,1331.712308263916,26850.618800971573,0.7156610248676403,2105.5441159854618,0.046261682242990654,0.7643097643097643,5.866574045215489,20.162477011251273
Campaign_C,9920,1383,13,3186.6107413697473,9408.22198619431,0.5929276926556717,1453.5626540027558,0.13941532258064515,0.009399855386840203,245.12390318228825,2.9524227305372848
Campaign_B,3043,759,99,4476.5317125491465,9205.527481381438,0.857981560492181,1455.1969988740304,0.24942490962865593,0.13043478260869565,45.217492045950976,2.056397245120683
Campaign_C,5197,1875,113,3278.906042024394,23667.083808152503,0.6713736852273673,2437.34205378124,0.3607850683086396,0.06026666666666667,29.01686762853446,7.217981700244287
Campaign_A,4496,1170,128,3655.9529239995554,2630.1305872985627,0.9013981025396615,3611.917162509326,0.26023131672597866,0.1094017094017094,28.562132218746527,0.71941040871534
Campaign_A,1778,498,142,3290.8711086567123,6972.516044081252,0.9104078302011595,1826.4000204196009,0.28008998875140606,0.285140562248996,23.175148652512057,2.1187447985245877
Campaign_B,1213,1833,105,894.2420882392547,21377.20563098943,0.49098108367062515,3069.71456001587,1.5111294311624073,0.057283142389525366,8.51659131656433,23.905389728502637
Campaign_B,4762,1682,152,6552.399657832204,4093.3655511903567,0.40127787337256166,1943.2980798838419,0.35321293574128515,0.09036860879904875,43.10789248573818,0.6247124358932351
Campaign_B,7731,177,297,6174.277993357959,20440.997766320936,0.9411620170783211,1557.3897862993474,0.022894838960031045,1.6779661016949152,20.78881479245104,3.3106701363804065
Campaign_A,4117,223,37,6707.143235547465,24226.30703147381,0.8983756448701137,173.0546037831811,0.05416565460286617,0.16591928251121077,181.27414150128286,3.6120157540509656
Campaign_C,6791,174,287,2326.944012319461,23112.064089582607,0.4304948796371128,69.37482339018366,0.02562214695921072,1.6494252873563218,8.10781885825596,9.932367932885874
Campaign_A,9783,1994,242,3308.71814531861,43589.568012751275,0.8581688451675884,1174.678005268422,0.2038229581927834,0.1213640922768305,13.67238903024219,13.17415569967017
Campaign_C,3720,236,26,6386.351305976762,26973.06029753489,0.6517927129075636,2061.7111196649275,0.06344086021505377,0.11016949152542373,245.6288963837216,4.223547845276182
Campaign_A,9905,701,68,6196.461900369253,23931.042661424126,0.5424288827637364,4263.742778442198,0.07077233720343261,0.09700427960057062,91.12443971131255,3.8620495124803482
Campaign_C,7047,1523,99,5310.137938865544,21124.753024191643,0.8833105880223113,4002.497002505606,0.21612033489428126,0.06500328299409061,53.63775695823782,3.978192895814817
Campaign_A,9032,936,208,3828.925875096875,41063.545536919824,0.508166977814669,1372.46804981055,0.10363153232949512,0.2222222222222222,18.408297476427286,10.724560066308644
Campaign_B,1001,1628,35,9172.844545359554,44857.77359599182,0.9210149996810367,1260.4751927722816,1.6263736263736264,0.0214987714987715,262.0812727245587,4.890279495544803
Campaign_A,7368,599,34,3727.8173018390157,42808.88099065876,0.5130918182346376,1175.2442517966358,0.08129750271444082,0.05676126878130217,109.64168534820635,11.483631713802119
Campaign_C,2949,1696,276,4828.3819861538905,34003.78232843815,0.7375257532508089,1729.2248356178916,0.5751102068497795,0.16273584905660377,17.494137630992356,7.042479742892981
Campaign_A,7732,237,190,6942.081394064983,7730.725552465037,0.5226974839909362,2516.0836618303424,0.03065183652353854,0.8016877637130801,36.53727049507886,1.1136034156952255
Campaign_A,8833,149,77,5658.70359323426,14566.628505108602,0.7001177657327491,2221.4054715562984,0.01686856107777652,0.5167785234899329,73.48965705499039,2.57419888939314
Campaign_A,1917,1894,58,3795.416775461663,3257.0901204168945,0.7761863214533278,1130.4523339683942,0.9880020865936359,0.030623020063357972,65.43822026658039,0.858164020740703
Campaign_B,4174,1072,184,4638.625509336844,46610.37967451559,0.5046253619510757,695.7344792209093,0.25682798275035934,0.17164179104477612,25.20992124639589,10.048317024234017
Campaign_A,8014,1742,61,8047.567769608308,33379.12795485461,0.6864871804853736,112.26017180666715,0.2173696031944098,0.03501722158438576,131.9273404853821,4.147728718844855
Campaign_B,1089,1748,111,3142.226977122818,37571.78133134883,0.6579828594145654,812.118031399194,1.6051423324150598,0.06350114416475973,28.30835114525061,11.957055172937078
Campaign_B,2709,1985,225,1851.4247778797464,16267.015239529219,0.4390705817718377,3541.514032460885,0.7327427094868956,0.11335012594458438,8.22855456835443,8.786214505651275
Campaign_A,4041,353,197,3475.050417382882,42437.022591589775,0.8500692997214165,1256.0109182606354,0.08735461519425884,0.5580736543909348,17.639849834430873,12.211915654320146
Campaign_A,1105,1753,66,8570.575047135062,13720.560901715447,0.584625320353563,2369.5789601014735,1.5864253393665158,0.037649743297204795,129.85719768386457,1.6008915185104065
Campaign_A,9619,809,56,1345.4022911352931,1080.5440985100345,0.7160202086535337,2976.940687170061,0.08410437675434036,0.069221260815822,24.025040913130233,0.8031382922636746
Campaign_C,2895,1972,168,9921.112697038292,19444.333163514002,0.683131329213224,4439.862469016455,0.681174438687392,0.08519269776876268,59.05424224427555,1.9598943946396896
Campaign_A,7090,662,183,5639.527539812794,28967.3125669946,0.6822932775137432,4449.832737047426,0.09337094499294782,0.2764350453172205,30.81709038149068,5.136478607914764
Campaign_B,9508,856,251,9856.034567687393,24456.538040310603,0.4589723168146681,3741.381981722727,0.09002944888514935,0.2932242990654206,39.267069990786425,2.4813770560921493
Campaign_A,7082,1549,291,9420.466009816786,43241.73098625326,0.632915105087133,224.02711064008204,0.21872352442812765,0.1878631375080697,32.37273542892366,4.5901902242619785
Campaign_C,1634,646,250,4801.7302850037095,6164.85901185218,0.6488017175636136,2896.5985744728036,0.3953488372093023,0.38699690402476783,19.20692114001484,1.2838828184718454
Campaign_A,2925,1425,14,2385.6652087508164,28137.348591052552,0.8035035622004467,3943.5881806159573,0.48717948717948717,0.009824561403508772,170.40465776791547,11.794340835353779
Campaign_C,3056,1021,93,2066.405377368815,26135.988141224465,0.8620103575563841,135.5758215786479,0.33409685863874344,0.0910871694417238,22.219412659879733,12.648044970974576
Campaign_C,7917,680,257,2779.8989567645963,14788.256126435988,0.6997402529550099,2770.9388376000625,0.085891120373879,0.3779411764705882,10.816727458228002,5.319709945014475
Campaign_A,4144,1472,63,7246.260085363104,41289.177516273514,0.44773062473574476,4295.932521640846,0.3552123552123552,0.042798913043478264,115.0200013549699,5.6979982818550114
Campaign_B,1552,1955,170,3093.0249499491347,37889.58413822811,0.5302672088281004,2396.8052754192213,1.2596649484536082,0.08695652173913043,18.194264411465497,12.250009214717524
Campaign_C,9907,148,235,3743.540061240834,36910.100179259716,0.4907137147690021,70.32570434236985,0.014938932068234581,1.587837837837838,15.929957707407803,9.859678159027231
Campaign_A,6383,1016,24,4763.398637948841,43933.431435208244,0.4685382847540186,104.51612376125692,0.15917280275732415,0.023622047244094488,198.47494324786837,9.223127177557902
Campaign_A,4911,1197,233,9175.710464003836,36416.445430454536,0.6012446142397941,2112.348385198065,0.24373854612095297,0.1946532999164578,39.38073160516668,3.9687875476580983
Campaign_B,4389,803,70,2299.237469906038,12360.223294021596,0.5261664261849102,817.2929037129351,0.18295739348370926,0.08717310087173101,32.84624957008626,5.375792390216534
Campaign_C,9442,360,131,547.7522497931296,35572.57287083486,0.5200667114963318,3339.030752611635,0.03812751535691591,0.3638888888888889,4.18131488391702,64.94281472010312
Campaign_C,3430,455,286,1070.9158985926165,16077.437856102348,0.43008124601694725,3558.556361285462,0.1326530612244898,0.6285714285714286,3.7444611838902673,15.012792206401178
Campaign_A,1458,1705,55,9095.280245961121,12866.557867026057,0.40971852463748865,930.5049875301115,1.1694101508916324,0.03225806451612903,165.36873174474766,1.4146411676253319
Campaign_A,1207,1725,71,6651.40641601195,4577.176052081739,0.45652253345738003,4448.2397781962,1.4291632145816073,0.04115942028985507,93.68178050721056,0.6881516127270603
Campaign_B,1899,1383,95,3093.8858836141644,37457.40043703616,0.4947086136829982,2237.443832645683,0.7282780410742496,0.06869125090383225,32.56721982751752,12.1069108060572
Campaign_B,1021,737,219,2183.3287596063155,35839.04713554075,0.6370410508665117,757.0872425800225,0.7218413320274241,0.2971506105834464,9.969537715097331,16.41486513556622
Campaign_C,9601,842,87,3295.533998052586,12490.474406030593,0.6807861437143645,3833.0454104435075,0.08769919800020831,0.10332541567695962,37.879701127041216,3.790121544311644
Campaign_C,1894,1418,211,1590.5708088871609,37719.571819483645,0.47732555499535106,3960.3737750830255,0.7486800422386484,0.14880112834978843,7.53825027908607,23.71448765985719
Campaign_A,1514,1109,232,9444.56264770219,45974.2032715841,0.6336308378383024,3214.5125896940144,0.7324966974900925,0.20919747520288548,40.70932175733703,4.8677958934148595
Campaign_C,8294,1030,231,7949.958656470035,6293.418917087383,0.58796186327926,4274.654488352638,0.12418615866891729,0.22427184466019418,34.41540543926422,0.7916291378402974
Campaign_B,5904,740,12,4892.7161806691365,12399.195280951973,0.5008830039238759,3699.996211551823,0.12533875338753386,0.016216216216216217,407.7263483890947,2.534215111422269
Campaign_B,8867,891,15,8717.144748594419,37762.77891027846,0.40376241148159997,4416.918399273603,0.10048494417503101,0.016835016835016835,581.1429832396279,4.3320123732449725
Campaign_A,5109,1436,102,2869.852940785707,14450.827001846834,0.6568598265869579,2197.7458400031232,0.2810726169504795,0.07103064066852367,28.13581314495791,5.035389373606891
Campaign_B,8179,711,17,7312.645400485839,31608.534739902123,0.7771084620958596,3750.6057840922404,0.08692994253576232,0.02390998593530239,430.1556117932846,4.322448718462693
Campaign_B,2560,1961,244,8633.258740630563,4977.046998722011,0.5244525337790938,4998.77023897377,0.766015625,0.12442631310555839,35.38220795340395,0.5764969113341428
Campaign_B,2266,908,117,3889.3027604210897,23157.921476073396,0.47249375644317365,3638.409427722115,0.4007060900264784,0.1288546255506608,33.241903935222986,5.954260416992098
Campaign_B,4638,1305,170,7695.912231781818,37215.4796776547,0.887873509445829,615.2097121738042,0.28137128072445017,0.13026819923371646,45.270071951657755,4.83574637506466
Campaign_A,9941,785,218,3303.187318010939,34639.18320911937,0.5512636248682887,2615.6776760244556,0.07896589880293733,0.27770700636942675,15.152235403719905,10.486593666743019
Campaign_A,4427,1951,249,3339.1427849607926,40938.53293311453,0.5229869408859656,2957.3715666529883,0.44070476620736393,0.12762685802152743,13.410211987794348,12.260192381559156
Campaign_C,5780,1487,59,1517.0431962647676,43995.15420355527,0.8714033167854537,912.3428416033854,0.25726643598615917,0.03967720242098184,25.712596546860468,29.000594255904662
Campaign_B,2927,287,20,4680.551441839288,38885.991561679155,0.8494089045417187,4816.313589181286,0.09805261359754014,0.06968641114982578,234.02757209196437,8.307993629570785
Campaign_C,3356,1692,165,7432.263111725511,33907.799404007375,0.6465905587885485,919.1198992913506,0.5041716328963052,0.0975177304964539,45.04401885894249,4.56224421744606
Campaign_A,5790,1666,79,9432.097652927207,2554.402098985526,0.669081373785276,928.9117025804527,0.2877374784110535,0.047418967587034816,119.39364117629376,0.270820149767298
Campaign_A,1306,1719,178,6236.0714233264125,27213.366997062756,0.5197617876587121,4580.077332974047,1.3162327718223583,0.10354857475276323,35.034109119811305,4.363863905610424
Campaign_A,8979,1787,281,8699.787608489522,2847.1885208277868,0.4430659187637566,2352.766893952272,0.1990199354048335,0.15724678231673195,30.96009825085239,0.32727103797906654
Campaign_A,4665,1084,77,8313.699168257157,40595.32303868511,0.7153875039456136,362.7819824088552,0.23236870310825294,0.07103321033210332,107.97011906827477,4.882943466812416
Campaign_A,8057,647,261,2146.759003265168,16715.50169853792,0.45408970687461725,3011.0281246957165,0.08030284224897605,0.4034003091190108,8.225130280709456,7.786389470412864
Campaign_A,1661,824,57,5115.265574669999,28559.039331778127,0.6471010008261574,3029.0404257335867,0.49608669476219147,0.0691747572815534,89.74150130999999,5.583100019908654
Campaign_A,5644,1025,193,1610.773587491219,14692.820058626228,0.9172734591821559,369.2787554984809,0.18160878809355066,0.18829268292682927,8.345977137260201,9.121592365759055
Campaign_B,9503,1531,196,6980.455034835532,39342.507074634384,0.9240589140438213,4863.986353386627,0.161107018836157,0.1280209013716525,35.61456650426292,5.636094907609607
Campaign_C,3920,975,99,9524.04684833772,44438.62380545322,0.5316327576010472,2742.948328208149,0.24872448979591838,0.10153846153846154,96.20249341755273,4.665939228680854
Campaign_A,9946,717,148,1802.3498517481867,20533.482216440134,0.7432623810251099,2820.988824789833,0.07208928212346671,0.20641562064156208,12.1780395388391,11.392617363673159
Campaign_B,7236,513,98,7471.889742624143,43283.19728203846,0.6607419452593217,2624.571301786853,0.0708955223880597,0.19103313840155944,76.24377288391983,5.792804601374821
Campaign_B,7078,1465,283,6506.262433244679,14086.675365360286,0.8816268201723583,3073.122309240869,0.2069793727041537,0.1931740614334471,22.99032661923915,2.1650948620489703
Campaign_C,1352,1343,28,6044.247851576947,27198.385230700667,0.5492869753518292,1358.283776230087,0.9933431952662722,0.02084884586746091,215.8659946991767,4.499879207237439
Campaign_A,8005,1002,163,4206.142229539222,43079.31006209649,0.4020363237578293,1471.844672475462,0.12517176764522173,0.1626746506986028,25.80455355545535,10.242000320282981
Campaign_C,1158,262,269,3873.7506536612195,16968.18578817373,0.48940866326227833,2581.128494490857,0.22625215889464595,1.0267175572519085,14.400560050785202,4.380298915764363
Campaign_A,1956,1343,117,929.8672956794346,47748.0709888262,0.5922375406431689,4043.0949810797188,0.6866053169734151,0.08711839166046165,7.9475837237558515,51.349338997816545
Campaign_B,3071,369,294,2570.132728394128,6972.095587287798,0.5736466213737688,296.8296536461853,0.12015630087919245,0.7967479674796748,8.741948055762341,2.7127375603065085
Campaign_B,9595,731,68,644.1803817248556,1895.4784164518055,0.8352496055175872,3036.8508504902175,0.07618551328817093,0.09302325581395349,9.473240907718464,2.942465294234012
Campaign_B,4453,1005,134,6023.462503029195,45302.632276331344,0.7743083663763608,4043.551805406254,0.2256905456995284,0.13333333333333333,44.9512127091731,7.521028354297662
Campaign_B,7675,1971,282,1505.6057408401339,4363.78464124574,0.5647559757881935,826.7404965842744,0.25680781758957655,0.1430745814307458,5.339027449787709,2.898358131133806
Campaign_C,1955,1523,116,8793.684243282303,49602.57060142709,0.6517590994414173,124.36158280380316,0.7790281329923273,0.07616546290216678,75.80762278691641,5.640704081377454
Campaign_A,7295,1305,254,5469.85869662307,47618.4462369762,0.4525575071770844,1597.9308109502174,0.1788896504455106,0.1946360153256705,21.534876758358543,8.70560811129809
Campaign_A,2712,1741,256,7147.05413605773,7714.024591779713,0.8939805446510554,2961.3113483115108,0.6419616519174042,0.14704192992533027,27.918180218975508,1.0793292515949404
Campaign_C,5703,1852,17,4403.142372484716,27341.646658935726,0.9144836534466937,734.5017083535012,0.32474136419428373,0.0091792656587473,259.00837485204215,6.209575876945058
Campaign_A,7563,304,150,5825.5081855099625,10061.094575890073,0.938891944459516,2159.305736313803,0.04019568954118736,0.4934210526315789,38.836721236733084,1.7270758628260907
Campaign_B,6631,681,17,9455.26218118299,21979.603478475874,0.8777040569322108,2783.9914120026756,0.10269944201477907,0.024963289280469897,556.1918930107641,2.324589530919375
Campaign_A,2394,1679,103,1285.9733764248722,4009.8313337318014,0.49567848823292404,3014.47131904872,0.7013366750208856,0.06134603930911257,12.485178411891964,3.118129354185786
Campaign_B,5732,940,48,2912.4088332751135,11972.304802032886,0.4254080657608959,1408.3380189518568,0.16399162595952546,0.05106382978723404,60.675184026564864,4.110791268466789
Campaign_C,4714,1936,90,7909.889105650171,18800.367023546078,0.7187782000769707,2030.1466981321423,0.4106915570640645,0.04648760330578512,87.88765672944633,2.3768180277162987
Campaign_A,1529,1351,196,1438.0034653853256,22493.727512056685,0.9019327647857107,3902.7791838844155,0.8835840418574231,0.14507772020725387,7.336752374414926,15.64233192305228
Campaign_C,3958,1819,93,1218.7804870890532,48897.316652235764,0.4975432489128586,4709.012735897393,0.4595755432036382,0.05112699285321605,13.105166527839282,40.11987160134355
Campaign_A,8904,1742,97,3934.6432881633664,40585.41663851508,0.403873603043278,4316.3076390353735,0.19564240790655885,0.05568312284730195,40.56333286766357,10.314890999295582
Campaign_B,4591,695,251,1375.595605488107,37133.08727128536,0.8430228253177343,2843.2033335804877,0.15138314092790242,0.36115107913669064,5.480460579633892,26.99418864318726
Campaign_C,7895,1973,102,6058.24520095893,27315.02442235674,0.4422376263577037,2080.9493745725354,0.2499050031665611,0.051697921946274705,59.394560793714994,4.5087353707692746
Campaign_A,1525,349,95,2649.6148827576985,42159.89026961283,0.6275383175505167,1698.13524113852,0.22885245901639345,0.2722063037249284,27.89068297639683,15.911704959074333
Campaign_B,7477,974,53,9009.130650394038,17626.818947129843,0.7733880354538317,668.5350021158894,0.13026614952521065,0.054414784394250515,169.983597177246,1.9565504854077
Campaign_C,1001,1564,146,7943.250768029939,35736.05652589249,0.5302386720008991,577.4286737197592,1.5624375624375624,0.09335038363171355,54.405827178287254,4.498920853628752
Campaign_C,1374,1656,83,7147.199457945024,49695.414793530435,0.4461794098956997,3457.370243322606,1.205240174672489,0.050120772946859904,86.11083684271114,6.953131095045577
Campaign_A,5648,295,45,6360.968260152768,16416.816537824743,0.8235116756507057,1335.982360047244,0.05223087818696884,0.15254237288135594,141.35485022561707,2.5808675450662393
Campaign_A,3365,789,110,8702.924438243901,34026.859209314396,0.7465962966878728,1310.5753478406116,0.23447251114413076,0.1394169835234474,79.11749489312638,3.9098189867980087
Campaign_A,2525,1642,165,2619.0895846561903,42371.42834346674,0.9436697664677426,4991.065519665039,0.6502970297029703,0.10048721071863581,15.873270210037516,16.177922508530333
Campaign_B,2646,1193,264,8794.534006260163,45874.57158418294,0.5893694183259777,980.2334914752872,0.4508692365835223,0.22129086336965634,33.31262881159152,5.216259502951299
Campaign_A,1013,738,180,8000.176835028497,36178.70185606499,0.43396931245960985,782.8958094697068,0.7285291214215203,0.24390243902439024,44.44542686126943,4.522237770752491
Campaign_C,5599,1522,225,7607.527850683013,14896.788247439676,0.8038925194344126,538.491877411607,0.2718342561171638,0.1478318002628121,33.8112348919245,1.9581641421269624
Campaign_C,3278,771,179,5831.928941711779,16987.82542687838,0.6869533803692851,2920.036458575641,0.23520439292251372,0.23216601815823606,32.580608612914965,2.9128999335667727
Campaign_A,4155,1883,261,2839.319529220701,2017.1435740742463,0.5172621622640243,3157.925938710402,0.4531889290012034,0.13860860329261815,10.87861888590307,0.7104320430705048
Campaign_A,9321,1326,64,4523.705201923015,38283.41290590398,0.8299509439526176,1857.8782349715657,0.14225941422594143,0.048265460030165915,70.68289378004711,8.462844327174503
Campaign_C,4814,1271,100,8038.921218118615,3094.2406970356174,0.5120655172174691,2700.2960107817653,0.2640216036560033,0.07867820613690008,80.38921218118615,0.3849074537590476
Campaign_B,4216,1595,287,801.8956013945822,43367.96537553454,0.5433639101581151,3952.577678177317,0.37832068311195444,0.17993730407523512,2.794061328900983,54.08180977687496
Campaign_A,9219,1778,110,7929.482308005704,6814.370109252401,0.4508907049016955,4099.615633192654,0.19286256643887623,0.06186726659167604,72.08620280005185,0.8593713743925663
Campaign_A,3113,1043,164,2780.6720346318816,9421.94909466029,0.6196877534669699,4791.664774792459,0.3350465788628333,0.15723873441994246,16.95531728434074,3.3883712200916247
Campaign_C,5356,298,150,1870.9374068552288,24349.797070779627,0.6304110731655804,4130.126530318229,0.05563853622106049,0.5033557046979866,12.472916045701526,13.014757726025726
Campaign_A,6543,1549,182,1599.1625227128704,37156.14034326837,0.6830089846915641,2845.9651117512617,0.23674155586122575,0.11749515816655907,8.786607267653133,23.234749323812007
Campaign_B,5555,1789,19,758.8751135327436,7811.108054754806,0.7899303469180776,939.3019808923876,0.322052205220522,0.010620458356623811,39.94079544909177,10.293008580018187
Campaign_C,8062,591,237,5474.071609603802,22563.482678258424,0.8983555107742341,543.8296106290699,0.07330687174398412,0.4010152284263959,23.097348563729124,4.121882994492194
Campaign_A,4374,995,274,2573.46879059043,24659.712446095135,0.47575375438829476,319.83385505875304,0.22748056698673982,0.27537688442211056,9.392221863468723,9.582285410361422
Campaign_C,7430,241,257,9899.6017749065,11401.996441760975,0.4298914540917614,3349.3028673376493,0.03243606998654105,1.066390041493776,38.519851264227626,1.1517631416914915
Campaign_A,4466,1436,256,5957.149180785955,6662.360457350955,0.41019217847688333,4047.304464220066,0.32154052843708014,0.17827298050139276,23.270113987445136,1.1183806641672784
Campaign_A,4081,264,164,1809.910058882099,41984.62522629634,0.478991757937849,2567.985555886191,0.0646900269541779,0.6212121212121212,11.036036944403044,23.197078230632286
Campaign_A,1629,413,43,7043.24413770797,25620.81683837551,0.7618722171798942,320.8351654265177,0.25352977286678946,0.10411622276029056,163.7963752955342,3.637644292522437
Campaign_B,1269,120,138,9028.56388184239,1704.6805632234957,0.8001123928980731,2700.579344227124,0.09456264775413711,1.15,65.42437595537965,0.18880971387396714
Campaign_B,6724,1205,169,7579.2052060113365,40346.08376414609,0.8325781424404671,4681.958844546524,0.1792088042831648,0.14024896265560166,44.847368082907316,5.32326050918191
Campaign_C,6897,1704,98,1226.1786798747528,49058.896465314654,0.5340395165473885,3008.1852951156793,0.24706394084384514,0.057511737089201875,12.512027345660742,40.0095820213786
Campaign_A,4432,1254,102,9010.899721330266,30690.383575298118,0.5682421472938359,4056.6660678909334,0.28294223826714804,0.08133971291866028,88.34215413068888,3.4059177800690628
Campaign_A,7276,1722,250,8042.329165669666,25681.710967119467,0.6657240550610246,4010.7556095391656,0.23666849917537108,0.14518002322880372,32.16931666267866,3.1933175623732395
Campaign_B,6895,1853,126,2003.8870510033364,44042.37728920312,0.4347507032731246,4664.039043914231,0.26874546773023933,0.06799784133837021,15.903865484153464,21.978472921989948
Campaign_A,8115,1083,103,991.9659429617602,47673.322694545335,0.7361278377661853,3862.632389966873,0.133456561922366,0.0951061865189289,9.630737310308351,48.05943493604711
Campaign_B,7656,404,172,5794.450465485931,37972.30887922057,0.9410542685216667,3751.1175443647935,0.05276907001044932,0.42574257425742573,33.68866549701123,6.553220034479344
Campaign_A,1575,470,108,1982.3402077297806,22827.193556980106,0.5984434712579014,1208.8081916046708,0.2984126984126984,0.2297872340425532,18.355001923423895,11.515275464811516
Campaign_C,8029,1980,122,8428.614049655083,30018.848567240584,0.8140661113002612,346.6295188393532,0.24660605305766595,0.06161616161616162,69.08700040700889,3.5615402948090877
Campaign_A,7099,952,100,3904.1792383809006,35345.832885881966,0.6750186535632844,2612.1173520163484,0.13410339484434428,0.10504201680672269,39.041792383809,9.053332525926809
Campaign_A,4192,483,215,9172.478224997467,10519.40497908827,0.4702965143982105,665.9493293364382,0.11521946564885496,0.4451345755693582,42.66268941859287,1.1468443664897525
Campaign_B,4178,544,26,5874.037635339555,22912.850578605463,0.7202305968414224,4812.869587576057,0.1302058401148875,0.04779411764705882,225.92452443613672,3.900698633722826
Campaign_A,7052,524,283,2235.387650276847,41661.24197114696,0.5649308476442357,1485.1275750334914,0.07430516165626773,0.5400763358778626,7.898896290730908,18.637144195543588
Campaign_A,3734,260,182,1826.1892399181008,33081.542076423706,0.41892176464940206,4272.073806752251,0.06963042313872522,0.7,10.034006812736818,18.11506789838895
Campaign_B,7116,1301,125,5976.488156798662,21148.99929338085,0.749211351564759,1968.7418947521737,0.1828274311410905,0.09607993850883935,47.811905254389295,3.538700109247673
Campaign_C,4568,728,190,7737.894312693217,33504.76416671938,0.8724127921286002,1649.8115367940184,0.159369527145359,0.260989010989011,40.725759540490614,4.329958876765514
Campaign_C,3203,1831,100,7924.30365355073,6792.898191550534,0.5896233717949309,4679.0349332642745,0.5716515766468936,0.054614964500273075,79.2430365355073,0.8572233584848512
Campaign_B,2390,994,91,3119.695342192172,20673.38291767894,0.6146625509670238,1848.4467318268087,0.41589958158995816,0.09154929577464789,34.282366397716174,6.626731347155202
Campaign_B,2742,589,123,2440.344209665591,39863.298360189765,0.8900619256319663,1981.9251478825254,0.21480671043034283,0.20882852292020374,19.84019682654952,16.335112973940827
Campaign_B,2925,1116,266,659.1848926776329,11804.930569695753,0.8474848473520458,575.1543090839003,0.38153846153846155,0.23835125448028674,2.4781386942768155,17.908375481336805
Campaign_B,1619,426,67,6952.391936411109,10112.113870313467,0.7932240529534774,3368.710993148421,0.2631253860407659,0.1572769953051643,103.76704382703147,1.4544798341063374
Campaign_B,2274,697,163,1227.3984551186204,47590.11433590514,0.5368383850642313,1479.7551016636917,0.3065083553210202,0.23385939741750358,7.530051871893376,38.77315808687885
Campaign_C,1956,1114,125,4497.231416776295,11284.983849725304,0.9006191602316544,2948.7406308055606,0.5695296523517382,0.11220825852782765,35.977851334210364,2.509318023446213
Campaign_C,2939,388,275,6215.980558173813,13785.010402858235,0.48492866664656714,2977.190935063387,0.13201769309288874,0.7087628865979382,22.603565666086592,2.217672702455833
Campaign_B,4953,692,212,9402.534976736932,48511.18100631256,0.744723785679472,3610.0384931990466,0.13971330506763577,0.3063583815028902,44.35158007894779,5.159372565625695
Campaign_A,1968,1787,50,3462.120301079802,37000.71994298626,0.4158406493005853,3738.945356553584,0.9080284552845529,0.027979854504756575,69.24240602159604,10.687300476371687
Campaign_B,1281,1696,114,2872.835543241938,35280.23011815288,0.7540458934787202,2596.5395502876204,1.3239656518345042,0.06721698113207547,25.200311782824016,12.280629916719786
Campaign_A,7262,672,202,6714.521465717935,42793.39280887449,0.5524293935303479,1688.410140636845,0.09253649132470394,0.3005952380952381,33.240205275831364,6.373260257989048
Campaign_B,2058,1477,287,6382.770804509026,6675.331029602919,0.647322337451046,4195.381929431933,0.717687074829932,0.1943127962085308,22.23961952790601,1.0458359283224172
Campaign_B,5293,127,246,3655.0429414271835,35591.855592420354,0.5898955036313792,1583.8349645719993,0.02399395427923673,1.937007874015748,14.85789813588286,9.737739381667241
Campaign_C,6178,1053,230,9316.967437342972,25680.741857083707,0.49501621593541545,2562.1700176231907,0.17044350922628682,0.2184235517568851,40.50855407540423,2.756341269816371
Campaign_A,7980,142,77,8526.192111151511,41628.38137392286,0.7420894345516307,2036.2002868584536,0.017794486215538845,0.5422535211267606,110.72976767729236,4.88241184707492
Campaign_A,2229,1804,206,2627.834185718271,25898.94421459452,0.885086555327334,4282.638010549957,0.8093315388066398,0.11419068736141907,12.756476629700344,9.855623446619983
Campaign_C,5585,522,265,2771.8541816279703,31391.826359176695,0.9274963332553219,2187.9967291718526,0.09346463742166518,0.5076628352490421,10.459827100482906,11.325208435293517
Campaign_C,9467,1721,148,5366.853295427266,24409.36419357726,0.5057904997346533,1961.1909847455472,0.18178937361360514,0.08599651365485184,36.262522266400445,4.548170566610203
Campaign_C,3740,276,158,7848.934966441843,24429.787254236362,0.7945550257346353,3464.6272798433056,0.07379679144385026,0.572463768115942,49.67680358507496,3.1124970914762358
Campaign_C,3289,628,108,918.3836041904117,38630.52892502974,0.7653866516331252,3032.0834938141415,0.19093949528732138,0.17197452229299362,8.503551890651961,42.063609094027704
Campaign_A,2239,1733,85,7086.683960479713,31799.753631716878,0.5888577842660149,580.871825804438,0.7740062527914248,0.04904789382573572,83.37275247623192,4.4872543786423185
Campaign_A,6370,1065,291,6658.241025129922,32029.89687886111,0.41050455964454924,2565.435591402618,0.16718995290423863,0.27323943661971833,22.88055335096193,4.810564345443789
Campaign_B,1125,1617,118,2699.0609111733884,23063.841707744763,0.7793851860220764,3690.618022249576,1.4373333333333334,0.07297464440321583,22.87339755231685,8.545135684884562
Campaign_B,8473,297,197,6972.853625792814,27024.36532053885,0.9200221733077251,4960.7700847272135,0.035052519768676973,0.6632996632996633,35.39519607001428,3.875653609101278
Campaign_C,6342,709,208,9431.740316894784,37540.165644034576,0.7476660670536082,3164.27682815308,0.11179438662882371,0.2933709449929478,45.34490536968646,3.9801949993035795
Campaign_C,8351,1700,163,944.4655272318009,41471.105036484,0.6394109983031988,1882.9506788845229,0.20356843491797388,0.09588235294117647,5.794267038231908,43.909601611436806
Campaign_C,7638,941,49,3536.694525274594,35131.50870505826,0.6888346417613955,1169.4504190204862,0.12319979052107882,0.052072263549415514,72.17743929131825,9.933430341239493
Campaign_B,7570,952,142,4662.678808330375,46279.57645343847,0.5097958442129547,4370.5096590589355,0.12575957727873183,0.14915966386554622,32.835766255847716,9.92553387352246
Campaign_B,4249,1640,141,9042.97340978455,41195.88031921285,0.8127992900645556,4082.0977999618385,0.3859731701576842,0.08597560975609755,64.13456318996136,4.555568003178983
Campaign_B,8595,1637,288,9641.483742786988,28531.325700666403,0.8105309065054169,1207.917962857955,0.19045956951716114,0.17593158216249236,33.47737410689926,2.95922561939819
Campaign_B,7294,121,93,4719.094841715157,33898.897559543104,0.4800345152130837,1043.1288462255386,0.016588977241568412,0.768595041322314,50.74295528725975,7.183347378376175
Campaign_B,7527,1235,251,7625.2699153508165,46389.10556913861,0.8828881103748125,3589.927045215319,0.16407599309153714,0.20323886639676114,30.379561415740305,6.083601772017323
Campaign_B,6757,1180,125,5550.779725762588,31339.23416790986,0.5480543567103179,1609.0127064978594,0.17463371318632528,0.1059322033898305,44.406237806100705,5.645915658021244
Campaign_B,2969,1189,118,5608.937880043077,41415.5404510117,0.9402408335151381,1566.6740518916913,0.40047153923880097,0.0992430613961312,47.53337186477184,7.383847233960386
Campaign_C,1891,941,230,3141.945393130386,34751.71467590937,0.6105966577204852,803.8367229848935,0.49762030671602325,0.24442082890541977,13.660632144045156,11.06057245676237
Campaign_C,5470,197,50,2561.084335706855,28044.88169196286,0.4978362323039748,1356.678822563658,0.0360146252285192,0.25380710659898476,51.22168671413711,10.950393667619117
Campaign_C,8175,1267,156,3236.0507862783907,12850.071575352304,0.5934460612401088,2166.162410083615,0.15498470948012233,0.12312549329123915,20.74391529665635,3.970911590707909
Campaign_C,9320,534,121,5785.116068942253,21873.878453952977,0.6420991807834562,3677.549769498457,0.057296137339055794,0.22659176029962547,47.810876602828536,3.7810612947567677
Campaign_B,7812,736,112,776.9742672098455,48419.39841685207,0.4381192751710622,1714.7250673480612,0.09421402969790067,0.15217391304347827,6.937270242945049,62.317891930615176
Campaign_A,8519,1802,55,9118.864971385856,33230.5037803574,0.7180201096728092,1676.5914804252213,0.21152717455100364,0.030521642619311874,165.79754493428828,3.6441491221365387
Campaign_B,5612,1209,280,1984.6952407228741,28655.37363661049,0.7286978419278951,1460.3206001345573,0.2154312188168211,0.23159636062861869,7.088197288295979,14.438173200926057
Campaign_A,2198,687,204,2590.8424302781723,46714.87465088314,0.8064117504422097,2417.5041541796627,0.31255686988171066,0.29694323144104806,12.700207991559669,18.03076640437276
Campaign_C,6238,443,289,5423.6236762526405,29739.077270834987,0.41604344075990884,944.1516548095108,0.07101635139467778,0.6523702031602708,18.766863931670038,5.483248662890765
Campaign_B,7089,1417,292,7246.090280204154,26778.043402452746,0.6976810179386066,2453.8721334590214,0.19988714910424601,0.20606916019760058,24.815377671932033,3.69551611516746
Campaign_C,7257,670,49,1409.4260200717745,38206.23190236006,0.42909908829886545,3535.669003163715,0.09232465206007992,0.07313432835820896,28.763796327995397,27.1076532987623
Campaign_B,8705,1773,198,3518.0996266980405,35920.615330340675,0.7856293209816594,197.46299496147978,0.20367604824813326,0.1116751269035533,17.768179932818388,10.210232552184559
Campaign_C,4719,710,173,9702.408752956393,10464.840412013204,0.43065039213554146,98.40793251352123,0.15045560500105953,0.24366197183098592,56.083287589343314,1.078581688163209
Campaign_A,1302,1827,33,2992.258184418984,24094.105454131935,0.901450316587898,421.85840526482065,1.403225806451613,0.0180623973727422,90.67449043693891,8.052147899400053
Campaign_A,1986,342,33,3473.9763780998956,24153.256698159676,0.786145411786473,2701.517305554155,0.17220543806646527,0.09649122807017543,105.27201145757259,6.952625484278736
Campaign_A,5440,1954,13,8446.735660871318,19533.001246923894,0.6790643707968365,4279.552661767747,0.35919117647058824,0.006653019447287615,649.7488969901013,2.3124911245190996
Campaign_B,5909,660,299,977.0371010593249,26347.380625460402,0.6428271578046463,74.17810680024712,0.11169402606193941,0.453030303030303,3.2676826122385445,26.966612216561682
Campaign_A,4072,1059,190,4913.825103685223,21242.262488630065,0.4718699467272943,4686.473457694171,0.2600687622789784,0.1794145420207743,25.862237387816965,4.322958599543764
Campaign_B,4124,131,257,4106.359262290867,10767.928984087974,0.5600496642605647,576.0786322741523,0.03176527643064985,1.9618320610687023,15.97805160424462,2.6222569181832207
Campaign_A,9125,490,125,3507.574219132186,21205.95787645937,0.877927507761493,4217.81846388822,0.0536986301369863,0.25510204081632654,28.06059375305749,6.045761700719185
Campaign_A,4291,376,288,3214.146143425263,4541.570431085653,0.8974490463593716,2440.1310866655867,0.0876252621766488,0.7659574468085106,11.160229664671052,1.4129943781105658
Campaign_B,5033,631,78,1368.0539961738873,29213.507275946165,0.4004112396037921,3313.8190670302774,0.1253725412278959,0.12361331220285261,17.539153797101118,21.354060115791633
Campaign_B,6105,1277,263,3490.8453788406637,42829.072898114486,0.7267750153126531,2577.8807730135527,0.20917280917280917,0.20595144870790916,13.273176345401763,12.268968759750209
Campaign_A,1703,482,190,908.9978257988514,36539.06713337321,0.7956153349638124,2411.3887146378056,0.28302994715208457,0.3941908713692946,4.78419908315185,40.197089691894156
Campaign_B,9133,1191,178,7919.156704622135,18659.30796265145,0.7403108403516834,4182.752170403738,0.13040621920508047,0.1494542401343409,44.48964440798952,2.3562241105496327
Campaign_A,1574,983,258,4283.164042601111,5266.489073288101,0.4449238706764947,3791.637578860691,0.6245235069885642,0.2624618514750763,16.60141101783376,1.2295791197597534
Campaign_B,6704,313,197,4717.08640703916,10905.320562038267,0.5197486943393962,2442.8410707888706,0.04668854415274463,0.6293929712460063,23.944601050960202,2.3118763620196994
Campaign_C,8848,1778,63,8989.14857127625,27729.02668424695,0.5376871470597624,602.5978505105049,0.20094936708860758,0.03543307086614173,142.68489795676587,3.0847222586632665
Campaign_C,6208,475,147,6751.522346681597,11145.79708576861,0.8574485472177993,621.2446486063203,0.07651417525773196,0.3094736842105263,45.928723446813585,1.650856875449256
Campaign_C,7924,843,177,576.561481750138,27654.682452963407,0.6547596899699062,4017.6203305594236,0.1063856638061585,0.2099644128113879,3.257409501413209,47.96484560331417
Campaign_C,4828,312,112,9460.160818132206,12348.352213431048,0.6677555165676803,2670.4835756702905,0.06462303231151616,0.358974358974359,84.46572159046613,1.305300454275901
Campaign_C,4230,178,94,2752.8724267882567,42597.269604327565,0.9141911756049796,2433.8662440858448,0.042080378250591015,0.5280898876404494,29.285876880726136,15.473753592724705
Campaign_A,1488,1849,221,1522.334755218659,20466.302169182527,0.7503972388700935,3418.8058647355397,1.2426075268817205,0.11952406706327745,6.888392557550493,13.444022150202352
Campaign_C,8114,727,12,7797.217694618381,13031.980671280062,0.8942672358539651,4301.265837900589,0.08959822528962287,0.016506189821182942,649.7681412181984,1.6713629376123103
Campaign_C,4173,703,188,5254.534500733823,40803.98283210602,0.6510798704378431,3162.922064845861,0.168463934819075,0.267425320056899,27.949651599647993,7.7654800489762765
Campaign_C,2667,881,47,4620.820377171167,17799.109275467086,0.48218994218506184,3826.097116615071,0.3303337082864642,0.053348467650397274,98.31532717385461,3.851937063687287
Campaign_C,5114,1504,248,2870.2792569860467,6462.896704100315,0.9114645767407471,3838.089094378937,0.29409464215877984,0.16489361702127658,11.573706681395349,2.2516612933637394
Campaign_B,4553,1100,178,5700.9791536920275,28950.06507877844,0.652287813617146,1813.4941715251473,0.24159894575005492,0.1618181818181818,32.027972773550715,5.078086465204842
Campaign_A,8761,779,39,3106.653749424581,29496.646017461448,0.49989728203335204,1406.7118184229287,0.08891679032073964,0.05006418485237484,79.65778844678412,9.494668024373448
Campaign_C,2000,157,199,9065.038550227142,36020.088086550975,0.5663176571671572,4015.7621325170353,0.0785,1.267515923566879,45.55295753882986,3.973517364208939
Campaign_C,2388,1919,34,2544.4425574653314,12770.752227210893,0.42794142432891824,1917.0350193320055,0.8036013400335008,0.01771756122980719,74.83654580780387,5.01907664990975
Campaign_C,6450,1149,121,8901.373929329658,22744.795615520008,0.6575653253010119,4521.513232287391,0.17813953488372092,0.10530896431679722,73.56507379611288,2.5552005562396216
Campaign_A,4712,980,215,5814.351544409891,14836.028033090155,0.8692204945506301,394.96894881409213,0.20797962648556875,0.2193877551020408,27.04349555539484,2.5516221232536243
Campaign_B,2367,546,194,8370.63727200479,4966.733069668719,0.9134692508036791,338.17668477293125,0.23067173637515842,0.3553113553113553,43.1476148041484,0.5933518450596024
Campaign_A,9189,165,56,7272.036960679073,43954.07752377869,0.9129312141270041,4638.670592501971,0.017956252040483185,0.3393939393939394,129.85780286926916,6.044259367965891
Campaign_B,1454,1883,237,7118.603558649112,36714.62041992872,0.4688765140958107,3259.8518251981027,1.2950481430536451,0.12586298459904408,30.03630193522832,5.157559360827224
Campaign_C,3772,1377,48,3581.285173103029,15771.689913481234,0.6101296353810813,1929.016814419245,0.36505832449628844,0.034858387799564274,74.61010777297977,4.403919026592273
Campaign_C,4726,1167,25,2722.020848985933,30369.27665072733,0.4155258178078885,3787.549053340105,0.24693186627168853,0.021422450728363324,108.88083395943731,11.156886128201833
Campaign_A,8232,1220,31,2503.419162967487,10861.92561858915,0.87034093973431,3378.017709468524,0.14820213799805637,0.02540983606557377,80.75545686991893,4.338836172250799
Campaign_A,5806,1677,222,8643.320742066091,44621.59446799277,0.5973156691117005,2679.445181757001,0.2888391319324836,0.13237924865831843,38.93387721651392,5.16255219487857
Campaign_B,3190,1111,158,8294.05479246069,6630.410824733604,0.7471143653407291,539.4230461801242,0.3482758620689655,0.1422142214221422,52.49401767380184,0.7994172923430236
Campaign_B,3875,326,250,4685.44851611692,1188.020129882244,0.7931941409425087,4070.28895709912,0.08412903225806452,0.7668711656441718,18.74179406446768,0.2535552628090383
Campaign_A,6592,873,281,1757.8438282163188,25598.401689219925,0.6364145683587354,4336.814793869093,0.13243325242718446,0.3218785796105384,6.255671986534942,14.562386759462347
Campaign_B,2440,778,68,4131.396393785855,29573.263349190594,0.5685432851026336,902.2350083356131,0.3188524590163934,0.08740359897172237,60.75582932038022,7.158176202523809
Campaign_A,9927,1559,296,6383.762814300658,29369.300694494414,0.9292171005637695,4260.03267728648,0.15704643900473456,0.1898652982681206,21.56676626452925,4.600625297152715
Campaign_B,7059,1914,211,4816.829967559552,3671.0844444534882,0.9304685237631198,4395.344189531993,0.2711432214194645,0.11024033437826541,22.82857804530593,0.7621370214804248
Campaign_A,8010,700,41,7911.7980505884525,16388.14653900319,0.5591900024165121,2769.6716308281543,0.08739076154806492,0.05857142857142857,192.97068416069396,2.071355516687423
Campaign_A,8117,478,171,9977.416811388162,25460.74839522526,0.6637938032094519,3298.0862293023006,0.05888875200197117,0.3577405857740586,58.347466733264106,2.551837702737297
Campaign_A,3989,1301,264,2315.7548402645198,11612.380095734803,0.9350642872630123,1942.0747340717323,0.3261469039859614,0.20292083013066872,8.771798637365606,5.014511853253156
Campaign_B,7228,1550,263,4866.6827867659385,43758.668388808925,0.4026776242105268,1444.8686551708668,0.2144438295517432,0.1696774193548387,18.504497288083417,8.991477420267186
Campaign_B,7471,808,18,4594.347068247809,5268.355183610268,0.6269730366085321,3623.8165774106415,0.10815151920760273,0.022277227722772276,255.24150379154494,1.1467037873609125
Campaign_B,3863,406,148,3392.6790611150327,24881.837641930102,0.45525165232453263,4316.28198762825,0.10509966347398395,0.3645320197044335,22.923507169696165,7.333979192759976
Campaign_A,2177,878,19,2381.907408842751,34879.38681814445,0.6800368810594315,3287.6838871309506,0.40330730362884704,0.02164009111617312,125.363547833829,14.64346879675335
Campaign_B,5760,603,223,1124.0751066517628,13825.80390658964,0.41356847499726795,2582.3735227004186,0.1046875,0.36981757877280264,5.0406955455236,12.29971540582551
Campaign_B,1011,367,282,8927.633513625135,31587.79611287839,0.6237941372648453,836.6775958786492,0.3630069238377844,0.7683923705722071,31.658274871011116,3.5382048405851196
Campaign_A,6252,1709,57,4488.562628020018,41639.87235697635,0.5213844911319343,314.6206273938499,0.27335252719129877,0.033352837916910474,78.74671277228101,9.276883449734648
Campaign_C,5399,107,120,5220.507425750464,10326.51177965733,0.6933195993523074,2256.1743617213947,0.019818484904611966,1.1214953271028036,43.50422854792053,1.9780666777181841
Campaign_A,9234,607,162,9210.9494579087,45943.80899941828,0.9477965070053848,294.2803403022353,0.0657353259692441,0.26688632619439867,56.85771270314012,4.9879558246810305
Campaign_B,6445,575,132,7874.759536401504,28124.36810045554,0.8402948578197111,2868.206427940764,0.08921644685802949,0.22956521739130434,59.65726921516291,3.571457384882563
Campaign_A,7570,1420,111,1739.76200911325,15662.368210751967,0.8651031503934317,1944.509497022968,0.18758256274768825,0.07816901408450705,15.673531613632884,9.002592382583993
Campaign_C,9212,263,250,5871.4896922735525,22112.055493731266,0.7493957430474945,3798.0861424257487,0.028549717759444204,0.9505703422053232,23.48595876909421,3.766004311108491
Campaign_A,1406,584,200,4701.396626935812,16297.40230553301,0.42285791654974225,1562.960059339108,0.41536273115220484,0.3424657534246575,23.506983134679057,3.4665023180898964
Campaign_B,5431,1720,226,8073.505189498246,36530.44683673249,0.5137387218242793,2985.264369788789,0.31670042349475236,0.1313953488372093,35.72347428981525,4.524731944713444
Campaign_C,6243,1195,60,7380.209202313517,40018.732507341476,0.9087855060458802,2711.5334326877473,0.19141438411020342,0.0502092050209205,123.00348670522528,5.422438769729802
Campaign_B,7542,666,90,7058.854358155184,41813.93222361439,0.6013622148608132,73.32650633509374,0.0883054892601432,0.13513513513513514,78.43171509061315,5.923614527519785
Campaign_C,7936,1004,97,3735.1759370590203,49302.64422970132,0.4570001995644376,408.3275214083362,0.12651209677419356,0.09661354581673307,38.50696842328887,13.199550720098323
Campaign_C,9906,658,203,8147.155438792918,39772.93033233749,0.786322951226411,1487.3226518058016,0.06642438925903493,0.30851063829787234,40.13377063444787,4.88181803221251
Campaign_A,5146,337,113,997.7173081511817,30467.819463739605,0.5647017481638401,4417.0636510527875,0.06548775748153907,0.3353115727002967,8.829356709302493,30.537527228226544
Campaign_A,1140,1227,280,2016.4365636055886,17621.794621197405,0.5478713020972944,777.7240267539039,1.0763157894736841,0.22819885900570497,7.201559155734245,8.73907711219434
Campaign_B,5882,1333,105,3688.4210932901615,27685.17698682672,0.9488876005570431,3568.926935779681,0.22662359741584495,0.07876969242310577,35.12781993609678,7.505969705354565
Campaign_A,7012,653,207,1229.6706901581722,3012.3404667298655,0.8719764087646599,4868.164502453822,0.09312606959498003,0.3169984686064318,5.9404381167061455,2.4497131555948437
Campaign_A,1963,927,10,2732.44563657957,37496.42870096574,0.6243658001023126,3963.3093858212183,0.4722363728986246,0.010787486515641856,273.244563657957,13.722662291610364
Campaign_C,8151,567,176,8386.434338480223,22851.821709512988,0.9391436642990745,1252.5795403508675,0.06956201693043798,0.31040564373897706,47.650195105001266,2.724855497247494
Campaign_A,9564,1577,135,9508.389609005753,1981.1382568771933,0.7575622728805675,4546.408039044754,0.1648891677122543,0.08560558021559923,70.43251562226484,0.20835686570949752
Campaign_C,4610,1391,90,3393.72237985481,4062.8401340101295,0.8081123485338682,510.88042471653085,0.3017353579175705,0.06470165348670022,37.70802644283122,1.1971633738007603
Campaign_C,7894,485,260,3012.9001378939633,19985.856727266077,0.4173321736952164,2367.3026122601423,0.061439067646313655,0.5360824742268041,11.58807745343832,6.633428196274809
Campaign_C,8311,874,178,3158.9801963410555,29587.65443190332,0.4668828926414314,4443.3324432457475,0.10516183371435447,0.2036613272311213,17.747079754725032,9.366204468826282
Campaign_B,1105,947,82,3138.3313298330163,23745.993498654207,0.7481968195729312,3224.2652608215053,0.8570135746606334,0.08658922914466737,38.27233329064654,7.566439296235072
Campaign_B,6539,486,150,841.3367307667434,31341.01154731559,0.8944631904572161,2097.540595402109,0.07432329102309222,0.30864197530864196,5.608911538444956,37.2514480839952
Campaign_B,7787,976,79,9305.705290145526,24534.418680776434,0.7430590493481776,1499.4236903489855,0.12533710029536407,0.08094262295081968,117.79373784994337,2.636492121318056
Campaign_C,3137,358,271,2530.13234491812,33423.48842858599,0.4737136918754455,1906.7420563258322,0.11412177239400702,0.7569832402234636,9.336281715565018,13.210173964108442
Campaign_B,5445,382,254,4490.038703773347,11737.177168869242,0.4636680254354786,2569.2618159959666,0.07015610651974288,0.6649214659685864,17.67731773139113,2.614048105867224
Campaign_B,4530,1749,12,592.0253860391936,6529.316171997449,0.8643022427032448,1629.2674528703965,0.38609271523178806,0.00686106346483705,49.33544883659946,11.028777356458143
Campaign_A,2286,1998,72,8650.573363693044,30225.26377665734,0.4766162862893529,4846.3909173073835,0.8740157480314961,0.036036036036036036,120.1468522735145,3.4940185471999485
Campaign_B,8052,139,58,7445.994772321714,24749.786329879065,0.686127578277214,4668.734382677419,0.01726279185295579,0.4172661870503597,128.37922021244333,3.3239059503344115
Campaign_B,4654,585,85,9494.18233415018,2316.51504820183,0.42041232597926625,4359.823767660888,0.12569832402234637,0.1452991452991453,111.696262754708,0.2439931072178192
Campaign_C,8102,1028,184,7925.347052365792,19643.612389158756,0.44436837206514757,2138.057685837134,0.1268822512959763,0.17898832684824903,43.072538328074955,2.4785807182153556
Campaign_C,3359,319,118,3480.21186449462,6200.153689058779,0.7697915472035757,3471.9437582093833,0.0949687406966359,0.36990595611285265,29.493320885547625,1.7815448973992667
Campaign_C,9105,1252,192,2854.7969079200248,27036.484755882066,0.7790497757351342,4519.005069828025,0.13750686436024162,0.15335463258785942,14.868733895416796,9.470545761372765
Campaign_C,9636,1114,201,7128.304921756283,20393.106303361106,0.5878081736346433,4259.625964010694,0.11560813615608136,0.18043087971274685,35.46420359082728,2.8608633507132044
Campaign_C,7441,1123,74,3959.0713625997446,31044.44364404788,0.5185853708836746,2100.918719400028,0.1509205751915065,0.06589492430988424,53.500964359456006,7.841344800529785
Campaign_C,6047,1643,280,5879.042649649858,40474.50871974168,0.8475406489165194,606.3109441451905,0.2717049776748801,0.1704199634814364,20.996580891606634,6.8845407546332815
Campaign_B,9227,712,109,559.4459747514671,15683.76550823305,0.5194067762084397,424.37030098101985,0.07716484231061016,0.15308988764044945,5.132531878453827,28.034459476092458
Campaign_C,6203,1027,41,1087.9141659645147,48143.00310408635,0.6981148883165088,2906.467023867228,0.16556504916975656,0.03992210321324245,26.534491852793042,44.2525748907811
Campaign_C,2798,787,137,5585.995441225687,27246.09052879115,0.932514862474598,3231.0082792941116,0.2812723373838456,0.17407878017789072,40.77368935201231,4.877571207400194
Campaign_A,6291,1742,52,5877.680641257569,31296.24913898461,0.4813188408243111,4256.720892755269,0.2769035129550151,0.029850746268656716,113.03232002418402,5.324591628763377
Campaign_B,6495,712,87,7638.802972363765,34352.94628806112,0.9174819471220899,1497.9493506881038,0.10962278675904542,0.12219101123595505,87.80233301567546,4.49716354936052
Campaign_B,7284,359,298,1753.6705364276365,33669.8449630219,0.5005911791877677,878.9789282227102,0.04928610653487095,0.83008356545961,5.884800457810861,19.19964113191409
Campaign_B,8285,1089,279,5375.239295689398,26037.56640920804,0.7120937644127763,1926.0788742320874,0.13144236572118287,0.256198347107438,19.2660906655534,4.843982746979939
Campaign_C,2300,1065,171,2347.2526221010417,22009.450264619492,0.6073542415773096,1800.1968619797615,0.46304347826086956,0.16056338028169015,13.726623521058723,9.376685771861524
Campaign_C,7869,465,198,1385.3631358455996,3635.3162446915176,0.9307107308260042,705.7213223883809,0.05909264201296226,0.4258064516129032,6.996783514371715,2.6240890569623745
Campaign_C,4097,1881,256,4399.710043575269,2082.2064197578075,0.5504481159510652,3377.799129940103,0.459116426653649,0.13609782030834663,17.186367357715895,0.4732599192072612
Campaign_A,5616,1910,225,2051.6981568460437,18540.09853210547,0.6198119011471646,2568.025106610411,0.3400997150997151,0.11780104712041885,9.118658474871305,9.03646497426604
Campaign_C,1009,643,177,2606.928792827027,17349.38364105094,0.9405730648204812,3619.557642768093,0.6372646184340932,0.27527216174183516,14.728411258909757,6.655104538638656
Campaign_A,6752,748,202,3516.7685087602667,19997.06258711133,0.6950587151536602,1795.8210448401867,0.11078199052132702,0.2700534759358289,17.40974509287261,5.686203836646816
Campaign_B,7295,1647,292,2964.1898070603643,7780.0418435213105,0.6764465635916894,1662.2259473096265,0.2257710760795065,0.17729204614450517,10.15133495568618,2.6246773485929045
Campaign_C,5815,913,22,1332.1173253564907,37170.24525630534,0.5417781685121952,2389.2504725670856,0.15700773860705072,0.024096385542168676,60.550787516204124,27.903131765333153
Campaign_A,2072,1139,249,1354.2043261671718,42991.25632403571,0.7857499581707428,4393.166359705978,0.5497104247104247,0.218612818261633,5.438571591032819,31.746506412156148
Campaign_A,4225,1252,156,2335.8694447245975,46997.01713332772,0.40790512347777774,249.39246833320266,0.29633136094674556,0.12460063897763578,14.973522081567934,20.119710559794893
Campaign_C,2316,674,213,980.3122856156201,25125.752872461668,0.42723194633626144,4033.9224456175366,0.2910189982728843,0.31602373887240354,4.602405096786949,25.630356000978917
Campaign_B,6699,1232,89,6451.341686930808,35342.419257146,0.7296472229246915,1876.4886826558945,0.1839080459770115,0.07224025974025974,72.48698524641357,5.478305284735271
Campaign_B,7807,1112,52,3229.603806834569,42922.00504835775,0.5879210156001498,4280.364177652965,0.14243627513769694,0.046762589928057555,62.1077655160494,13.290176633283972
Campaign_B,7674,1656,98,3157.5866938061745,21496.26444358081,0.9243240047105282,4020.9048937374896,0.21579358874120408,0.059178743961352656,32.22027238577729,6.807814488750926
Campaign_A,4683,769,157,3653.983795258769,16161.226948651774,0.8967548798975321,1776.3681746106374,0.1642109758701687,0.20416124837451236,23.273782135406172,4.42290602646399
Campaign_A,8227,368,104,6796.564604992355,46899.503236821016,0.792538442272189,3484.688849841999,0.04473076455573113,0.2826086956521739,65.3515827403111,6.900471924061666
Campaign_A,4273,1285,160,8771.02187409316,26268.151002776583,0.8499800696202907,840.1821460285287,0.30072548560730167,0.1245136186770428,54.81888671308225,2.9948792033416813
Campaign_A,8000,1383,11,7711.325859278565,25365.440442953022,0.7670325173172313,4486.593683210751,0.172875,0.007953723788864787,701.0296235707787,3.2893747334555115
Campaign_B,1145,1023,31,7411.527687138402,9742.388731611292,0.46907015649058836,2052.2307690369516,0.8934497816593886,0.030303030303030304,239.08153829478718,1.3144913090613897
Campaign_C,6010,1225,16,5101.716263208068,6299.59571409448,0.8210488533290614,2305.3467960082407,0.20382695507487522,0.013061224489795919,318.85726645050426,1.2347993085239044
Campaign_A,4040,1629,215,7091.152791190411,42263.23626169207,0.5156055827953655,3543.507302633075,0.40321782178217824,0.1319828115408226,32.9821060055368,5.959995152579025
Campaign_A,1482,1858,123,5751.24249631904,31092.525633188387,0.5778935703051082,4113.1591716890125,1.253711201079622,0.06620021528525297,46.75806907576455,5.40622755049687
Campaign_B,4179,1694,281,2554.3800177720245,16965.404616952987,0.8505788166563311,1219.8965794746375,0.4053601340033501,0.16587957497048406,9.090320347943148,6.641691721246126
Campaign_C,2249,346,92,2481.589493539982,10395.074652123058,0.6950890846163965,3323.6831923911272,0.15384615384615385,0.2658959537572254,26.97379884282589,4.188877604125615
Campaign_C,1630,1763,188,3315.7240653151925,28219.36672831194,0.872967392800875,1990.390317251285,1.0815950920245399,0.10663641520136131,17.63683013465528,8.51077055039241
Campaign_B,9853,1918,219,9152.625374213227,29612.045173795632,0.5171694259137953,1875.0794738196084,0.1946615244088095,0.11418143899895725,41.79280992791428,3.235360780440675
Campaign_B,3852,1960,133,5700.4409836073955,11142.68646100785,0.734278141233788,3465.627828506241,0.5088265835929388,0.06785714285714285,42.860458523363874,1.9547060469620812
Campaign_C,1987,1660,122,7472.10108151776,42718.881646682225,0.4460850349015439,1966.557207071875,0.8354302969300453,0.07349397590361446,61.24673017637508,5.717117739794416
Campaign_A,8622,230,21,3792.308218257202,5128.953941636703,0.7536835464470163,1763.237075813818,0.02667594525632104,0.09130434782608696,180.58610563129534,1.3524623122520807
Campaign_C,8327,452,135,4373.29982131964,18448.561173154663,0.819393720776544,4187.6476202249005,0.05428125375285217,0.29867256637168144,32.39481349125659,4.218453325157072
Campaign_B,9841,295,62,1692.872997053888,34338.83627436358,0.7217119916882969,551.3168129634815,0.029976628391423635,0.21016949152542372,27.304403178288517,20.28435466459892
Campaign_A,2100,1916,292,2127.3020993058685,14431.897827140834,0.5464273258243456,3395.668483009543,0.9123809523809524,0.1524008350730689,7.285281162006399,6.784131803306129
Campaign_A,7652,1029,149,8359.887270848383,41556.08454428232,0.41723846787237673,1281.190699263592,0.1344746471510716,0.14480077745383868,56.10662597884821,4.970890539300909
Campaign_B,9632,1789,106,6055.96700104438,37253.52350341977,0.4656968861803572,126.71629703964201,0.18573504983388706,0.05925097820011179,57.13176416079604,6.1515400425720985
Campaign_B,8421,1505,14,3706.5584258962795,39662.119382858575,0.7422666384907144,875.4831309198255,0.17871986699916875,0.009302325581395349,264.7541732783057,10.700524536657726
Campaign_B,6016,1121,66,8127.086485457687,6836.220257959098,0.9139311192633826,3052.9745723905453,0.18633643617021275,0.058876003568242644,123.13767402208616,0.841164945173351
Campaign_C,1769,744,78,2841.9391035608382,7886.8092717816035,0.5135939221846035,3560.17959785539,0.42057659694742794,0.10483870967741936,36.43511671231844,2.775150692673091
Campaign_C,2343,326,127,9772.310636701935,15037.213149484598,0.8042643820078044,154.2360286037842,0.1391378574477166,0.3895705521472393,76.94732784804674,1.5387571791884338
Campaign_A,5358,800,68,3775.7672735886126,26385.781094680493,0.8765480847869729,230.30594434351474,0.14930944382232175,0.085,55.5259893174796,6.988190527326274
Campaign_B,7780,1599,42,3704.454064436662,37652.787758270715,0.6864851981461311,4517.583468472618,0.20552699228791774,0.02626641651031895,88.20128724849195,10.164193455587252
Campaign_A,7602,1600,59,3463.1631025986994,41990.01364728427,0.7680961877140118,412.86379966291315,0.2104709287029729,0.036875,58.697679705062704,12.124757744091138
Campaign_A,3349,364,28,1660.0594012807353,35512.43048190184,0.8482584241718815,4476.2016851520275,0.10868916094356525,0.07692307692307693,59.28783576002626,21.39226491202906
Campaign_A,6699,1495,223,1555.802899654118,46501.24719500128,0.5433713367573265,1179.4212730669835,0.2231676369607404,0.1491638795986622,6.97669461728304,29.88890636811341
Campaign_A,2241,1609,206,6656.9978280741725,37198.43197118058,0.5632926208474236,3713.0881107831538,0.7179830432842481,0.12802983219390926,32.31552343725326,5.58786902623068
Campaign_B,2125,1557,56,8813.621423301447,16007.12646322612,0.4003451341456509,1583.1795822827596,0.7327058823529412,0.03596660244059088,157.38609684466869,1.8161803978676108
Campaign_A,7764,745,176,8009.944847580898,13988.982932590057,0.9297017719937913,4300.82252676546,0.09595569294178259,0.23624161073825503,45.51105027034601,1.7464518419018706
Campaign_B,6101,310,298,1840.5221432028354,35113.430064753404,0.9046496920279896,3517.2515838505715,0.05081134240288477,0.9612903225806452,6.1762488026940785,19.07797208223195
Campaign_B,8843,1695,150,5683.030157024631,10450.6578657911,0.8205125450676867,2038.976620078391,0.19167703268121677,0.08849557522123894,37.88686771349754,1.838923527948086
Campaign_C,1072,1500,93,1503.11968677808,5543.025729703225,0.4434918115371565,427.69714816169375,1.3992537313432836,0.062,16.162577277183654,3.6876808802794923
Campaign_B,6472,1518,191,930.2991143242357,27078.9208679535,0.6461265893347294,3676.865910160495,0.23454882571075403,0.12582345191040845,4.870675991226365,29.10775733418115
Campaign_C,6189,1573,88,6735.665664155289,41260.43691916881,0.45604046468435405,3103.5795420276486,0.2541606075294878,0.055944055944055944,76.54165527449192,6.125665817818353
Campaign_B,3472,1042,224,5583.947169963328,5967.612281023313,0.40875614699453927,64.41300327725426,0.3001152073732719,0.21497120921305182,24.928335580193426,1.0687085854113667
Campaign_B,1707,1487,23,1279.225009508973,39802.67486599073,0.7389006308669285,96.62828706360435,0.8711189220855302,0.01546738399462004,55.61847867430318,31.11467847338982
Campaign_B,2804,1999,224,831.9228408568902,40767.02821322586,0.9284561793941036,4053.5252173038352,0.7129101283880172,0.112056028014007,3.7139412538254026,49.00337652856766
Campaign_C,7704,556,137,9902.685927388678,24631.42600399563,0.8965774128876824,1334.0287070691766,0.07217030114226376,0.24640287769784172,72.28237903203414,2.4873479967561587
Campaign_C,4713,824,257,785.2026554161828,3808.2051905138537,0.7832151482144724,3198.861655253925,0.17483556121366434,0.3118932038834951,3.0552632506466257,4.849964737441422
Campaign_A,6051,1851,38,4723.018403976516,9554.902711112134,0.4531523212906793,2298.361377837975,0.30589985126425384,0.020529443544030253,124.28995799938201,2.0230500696477156
